"0xd00000","Name","Description","ID","Support Class","Portrait","***UNKNOWN***(Always Zero)","Map Portrait","Affinity","Unit Sort Order","Lv","HP","Atk","Skl","Spd","Def","Res","Luck","Con","Sword","Lance","Axe","Bow","Staff","Anima","Light","Dark","HP Growth","Atk Growth","Skl Growth","Spd Growth","Def Growth","Res Growth","Luck Growth","Palette - Unpromoted","Palette - Promoted","Custom Battle Sprite - Unpromoted","Custom Battle Sprite - Promoted","***UNKNOWN*** (Zero)","CharClassAbility","##UNKNOWN##","Supports Data Ptr","N/A (Conversation Group)","***UNKNOWN*** (Zero)","***UNKNOWN*** (Zero)","***UNKNOWN*** (Zero)"
"0x00 None","0xffff","0xffff","0x0","0x0","0x0","0x10","0xff","255","0xff","255","0","0","0","0","-1","-1","-1","-65","0","0","0","0","223","255","247","255","0","0","0","0","255","255","253","0xff","0x0","0x0","0x40","0x0","0xff","0xffffff","0x0","0xff","0xff","0xf9","0xff"
"0x01 Eliwood","0x0","0x0","0xff","0xff","0xbf","0xff","0x0","0","0x0","0","-5","-33","-1","-1","0","0","0","0","255","255","255","255","0","0","0","0","191","255","255","255","0","0","0","0x0","0xff","0xff","0xff","0x9b","0x0","0x0","0xffffffff","0x0","0x0","0x80","0x0"
"0x02 Hector","0xfff7","0xffff","0x0","0x0","0x0","0x0","0xde","127","0xfd","255","0","0","0","0","-2","-1","123","-1","0","0","0","0","255","255","255","255","0","0","64","2","255","251","255","0xff","0x0","0x0","0x0","0x0","0xff","0xffffff","0x0","0xff","0xff","0x9e","0xfb"
"0x03 Lyn (Tutorial)","0x0","0x0","0xff","0xbf","0xff","0xff","0x0","0","0x0","0","-1","-33","123","-1","0","0","0","0","255","255","127","255","0","0","0","0","255","255","207","255","0","0","0","0x0","0xff","0xff","0xff","0xfd","0x0","0x40000","0xfffdffff","0x0","0x0","0x0","0x0"
"0x04 Raven","0xffff","0xefff","0x0","0x0","0x0","0x0","0xff","255","0x77","253","0","0","0","0","-65","-7","-1","-1","0","0","132","0","255","251","255","255","0","0","0","0","255","255","247","0xff","0x0","0x0","0x0","0x0","0xff","0xbffffe","0x0","0xff","0xff","0xff","0xff"
"0x05 Geitz","0x0","0x0","0xff","0xff","0xf7","0xfe","0x0","0","0x0","0","-1","-1","-17","-1","0","0","0","0","255","255","255","191","0","0","0","0","255","255","255","255","0","0","49","0x0","0xf7","0xff","0x6d","0xdf","0x0","0x0","0xfff6f7ff","0x0","0x0","0x0","0x0"
"0x06 Guy","0xffff","0xcff7","0x0","0x0","0x0","0x0","0xff","255","0xff","255","0","0","64","0","-1","-9","-1","-1","0","0","0","0","255","255","243","183","0","0","0","0","255","255","255","0xfd","0x0","0x0","0x0","0x0","0xff","0xffffff","0x200000","0xff","0xff","0xbf","0xaf"
"0x07 Karel","0x0","0x0","0xff","0xff","0xfb","0xe6","0x0","0","0x0","0","-1","-1","-1","-5","0","0","0","0","255","255","255","254","0","0","0","0","223","191","191","255","0","0","0","0x0","0xff","0xff","0x7f","0xff","0x0","0x0","0xfcbbffdf","0x0","0x0","0x0","0x0"
"0x08 Dorcas","0xffff","0xffff","0x40","0x0","0x0","0x2c","0xff","255","0xb7","253","0","0","0","0","-1","-1","-65","-2","0","0","0","0","255","255","255","255","0","0","0","0","255","255","253","0xff","0x0","0x0","0x0","0x0","0xff","0xefa7ff","0x0","0xff","0xdd","0xde","0xff"
"0x09 Bartre","0x0","0x0","0xfb","0xff","0x7f","0xbe","0x0","0","0x0","0","-1","-1","-3","-9","0","0","0","0","239","255","255","254","0","0","0","0","255","255","254","222","0","0","0","0x0","0xff","0xff","0xee","0x66","0x0","0x0","0xffefffff","0x0","0x0","0x0","0x0"
"0x0A Citizen","0xfffd","0xffff","0x0","0x0","0x0","0x0","0xff","255","0xef","255","0","0","0","0","-1","-1","-1","-1","0","0","0","0","255","255","255","255","0","0","0","0","191","255","223","0xff","0x0","0x0","0x0","0x0","0xff","0xffffff","0x0","0xff","0xff","0xf7","0xff"
"0x0B Oswin","0x0","0x0","0xff","0xff","0x7f","0xff","0x0","0","0x0","0","-1","-1","127","-1","0","0","0","0","191","255","255","255","0","0","0","0","255","255","255","239","0","0","0","0x0","0xff","0xfe","0xff","0xef","0x0","0x0","0xfff7fff7","0x0","0x0","0x0","0x0"
"0x0C Fargus","0xffff","0xffff","0x0","0x0","0x0","0x0","0xff","255","0xff","255","0","0","0","0","-33","-17","-17","-1","0","0","0","0","255","255","127","255","0","0","0","0","255","255","191","0xff","0x0","0x0","0x0","0x0","0xff","0xfbbbff","0x0","0xff","0xdf","0x7f","0xff"
"0x0D Wil (Tutorial)","0x0","0x0","0xff","0xff","0xfb","0xff","0x0","0","0x0","0","-1","-1","-1","-66","0","0","0","0","255","255","255","255","0","0","0","0","253","255","255","215","0","0","0","0x0","0xff","0xff","0xff","0xff","0x0","0x0","0xfeffffff","0x0","0x0","0x0","0x0"
"0x0E Rebecca","0xffff","0xfff3","0x0","0x0","0x0","0x0","0xff","223","0xff","255","0","0","0","0","-1","-1","-9","-1","0","0","0","0","255","255","254","253","0","0","0","0","255","255","255","0xfd","0x0","0x0","0x0","0x0","0xff","0xfb7fff","0x80","0xff","0xff","0xff","0xff"
"0x0F Louise","0x0","0x0","0xfd","0xff","0xff","0xff","0x0","0","0x0","0","-1","-1","-9","-1","0","-128","0","0","191","251","255","255","0","0","0","0","255","255","223","255","0","0","0","0x0","0xff","0xff","0xfb","0xff","0x0","0x0","0xfdfbffff","0x0","0x0","0x0","0x0"
"0x10 Lucius","0xffff","0xfeff","0x0","0x0","0x0","0x0","0xff","255","0xff","239","0","0","0","0","-1","-33","-65","-1","0","0","0","0","255","255","255","255","0","0","0","0","255","255","126","0xff","0x0","0x0","0x0","0x0","0xfd","0xfeffff","0x0","0xff","0xfd","0xff","0xef"
"0x11 Serra","0x0","0x0","0x7f","0xf6","0xfd","0xff","0x0","0","0x0","0","-1","-1","-1","-1","0","0","0","0","255","255","255","255","0","0","0","0","255","255","253","255","2","0","0","0x0","0xff","0xff","0xff","0xff","0x0","0x0","0xffff3fff","0x0","0x0","0x0","0x0"
"0x12 Renault","0xffff","0xffbe","0x0","0x0","0x0","0x0","0xfb","255","0xff","239","0","0","0","0","-1","-33","119","-33","0","0","0","0","252","255","247","255","0","0","0","0","255","127","255","0xff","0x0","0x0","0x0","0x0","0xff","0xff6b7f","0x0","0xff","0xf7","0xfd","0xef"
"0x13 Erk","0x0","0x0","0xef","0xff","0xff","0xfd","0x0","0","0x0","0","-1","-1","-89","-65","0","0","0","0","255","255","187","255","0","0","0","0","255","255","255","191","0","0","0","0x0","0xff","0xff","0xfd","0xff","0x0","0x0","0xfeffffff","0x0","0x0","0x0","0x0"
"0x14 Nino","0xffff","0xfdff","0x0","0x0","0x0","0x0","0xff","255","0x7f","255","0","0","0","0","-1","-1","-33","127","0","0","0","0","255","255","253","255","0","0","0","0","255","254","254","0xff","0x0","0x0","0x0","0x0","0xff","0xf5bbff","0x40","0xff","0xff","0xff","0xff"
"0x15 Pent","0x0","0x0","0x7d","0xff","0xff","0xff","0x0","0","0x0","0","-1","-1","119","127","0","0","0","0","255","255","246","255","0","0","0","0","255","255","255","255","0","0","0","0x0","0xff","0xff","0xff","0xff","0x0","0x0","0xffffffff","0x0","0x0","0x0","0x0"
"0x16 Canas","0xfeff","0xffd7","0x0","0x0","0x0","0x0","0xff","255","0xff","255","0","0","0","0","-1","-1","-1","-2","0","0","0","64","255","255","190","254","0","0","0","0","254","255","255","0xdf","0x0","0x0","0x0","0x0","0xff","0xfff7ff","0x0","0xff","0xff","0xdb","0xff"
"0x17 Kent (Tutorial)","0x0","0x0","0xff","0xff","0xff","0xff","0x0","0","0x0","0","-17","-1","-1","-1","0","0","0","0","255","255","255","239","0","0","0","0","255","255","255","239","0","0","0","0x0","0xff","0xff","0x77","0xff","0x80","0x40","0xddffffbf","0x0","0x0","0x0","0x0"
"0x18 Sain (Tutorial)","0xffef","0xffff","0x0","0x0","0x0","0x0","0xff","255","0xff","255","0","0","0","0","-1","-1","-1","-1","0","64","0","0","255","255","127","251","0","0","0","0","255","255","255","0xff","0x0","0x0","0x0","0x0","0xff","0xffefff","0x0","0xff","0xff","0xff","0xfd"
"0x19 Lowen","0x0","0x80","0xff","0xff","0xf6","0xff","0x0","0","0x0","0","-1","-1","-9","-33","0","0","0","0","255","253","223","253","0","0","0","0","255","253","255","254","0","0","0","0x0","0xbf","0xff","0xff","0xff","0x0","0x0","0xbfffffff","0x0","0x0","0x0","0x0"
"0x1A Marcus","0xffff","0xffff","0x0","0x0","0x0","0x0","0xff","255","0xfd","254","0","0","0","0","-1","-1","-17","-1","0","0","0","0","255","255","255","251","0","0","0","0","191","255","255","0xff","0x0","0x0","0x0","0x0","0xff","0xffffff","0x0","0xff","0xff","0xff","0x7f"
"0x1B Priscilla","0x0","0x0","0xff","0xff","0xff","0xef","0x0","0","0x0","0","-1","-1","-5","-33","0","0","0","0","255","255","223","205","0","0","0","0","255","255","255","255","0","0","0","0x0","0xff","0xff","0x7d","0xff","0x0","0x0","0xdffeffff","0x0","0x0","0x0","0x0"
"0x1C Rath (Tutorial)","0xffff","0xffff","0x0","0x0","0x0","0x0","0xff","255","0xe3","105","0","0","0","0","-1","-1","-2","-6","0","0","0","0","255","255","255","255","0","0","0","0","255","254","255","0xff","0x0","0x0","0x0","0x0","0xff","0xeff3ff","0x0","0xf7","0xff","0xff","0x7f"
"0x1D Florina (Tutorial)","0x0","0x0","0x7f","0xfc","0xff","0xff","0x0","0","0x0","0","-49","-33","-69","-1","0","0","0","0","255","255","249","219","0","0","0","0","255","253","255","255","0","0","0","0x0","0x7f","0xfe","0xff","0xff","0x0","0x0","0xff7fffff","0x0","0x0","0x0","0x0"
"0x1E Fiora","0x7b6d","0xbfbe","0x0","0x0","0x0","0x0","0xff","254","0xff","239","0","0","0","0","-1","-1","-1","-1","0","0","0","0","255","255","247","255","0","4","0","0","70","175","253","0xdd","0x0","0x0","0x0","0x0","0xff","0xffffff","0x0","0xff","0xff","0xff","0xf7"
"0x1F Farina","0x0","0x0","0xff","0xff","0x5d","0xff","0x0","0","0x0","0","-3","-17","-1","-35","0","0","0","0","223","253","247","255","0","0","0","0","127","255","251","255","0","0","0","0x0","0xff","0x7f","0xff","0xff","0x0","0x0","0xfefdb8fb","0x0","0x0","0x0","0x0"
"0x20 Heath","0xffff","0xdf7f","0x0","0x0","0x0","0x0","0xff","255","0xfd","255","0","0","0","0","-1","-1","-1","127","0","0","0","0","253","124","239","255","0","0","0","0","255","255","187","0x7e","0x0","0x0","0x0","0x0","0xff","0xffffff","0x0","0xff","0xff","0xff","0xff"
"0x21 Vaida","0x0","0x0","0xf3","0x7c","0xff","0xf3","0x0","0","0x0","0","-1","-1","-1","-1","0","0","0","0","251","255","255","254","0","0","0","0","239","255","255","255","0","0","0","0x0","0xfa","0x75","0xff","0xff","0x0","0x0","0xfefbffff","0x0","0x0","0x0","0x0"
"0x22 Hawkeye","0xffff","0xfdef","0x0","0x0","0x0","0x0","0xff","255","0xff","255","0","0","0","0","71","79","127","-1","0","0","0","0","127","255","255","255","0","0","0","0","255","255","255","0xff","0x0","0x0","0x0","0x0","0xdf","0xf7f7fb","0x0","0x60","0x1a","0x7b","0xff"
"0x23 Matthew","0x0","0x0","0xff","0xff","0x7f","0xdd","0x0","0","0x0","0","-1","-1","-17","-1","0","0","0","0","255","255","219","255","0","0","0","0","241","127","255","255","0","0","0","0x0","0xff","0xff","0xfd","0xff","0x0","0x0","0xfeffffff","0x0","0x0","0x0","0x0"
"0x24 Jaffar","0xfffd","0xfffb","0x0","0x0","0x0","0x0","0x45","183","0xbf","253","0","0","0","0","-1","-1","-3","-33","0","0","0","0","239","255","253","255","0","0","0","0","255","255","247","0x7f","0x0","0x0","0x0","0x0","0x12","0xfdffb8","0x0","0xff","0xff","0xff","0xff"
"0x25 Ninian","0x0","0x0","0xdf","0xff","0xff","0x7f","0x0","0","0x0","0","111","-33","-1","-35","0","0","0","0","7","114","255","191","0","0","0","0","255","255","247","255","0","0","0","0x0","0xff","0xff","0xf7","0xfe","0x0","0x0","0xeffeffff","0x0","0x0","0x0","0x0"
"0x26 Nils","0x4be2","0xfffe","0x0","0x0","0x0","0x0","0xff","255","0xff","175","0","64","0","0","127","-33","-17","-1","0","0","0","0","255","255","255","255","0","0","0","0","202","117","255","0x7f","0x0","0x0","0x0","0x0","0xbf","0xfefaff","0x0","0xff","0xff","0xaf","0xfe"
"0x27 Athos","0x0","0x0","0xff","0xff","0xef","0xff","0x0","0","0x0","0","-1","-3","-1","-3","0","0","0","0","239","255","255","255","0","0","0","0","255","255","223","255","0","0","0","0x0","0xff","0xff","0xff","0xfb","0x0","0x0","0xffbeffff","0x0","0x0","0x0","0x0"
"0x28 Merlinus","0xffbf","0xffff","0x0","0x0","0x1","0x1","0xff","191","0xe7","251","0","0","0","0","-1","-1","-33","-37","0","0","0","0","223","255","253","127","64","0","0","0","255","255","255","0xff","0x0","0x0","0x0","0x80","0xbf","0xffffff","0x0","0xff","0xff","0xfd","0xff"
"0x29 Nils(Final Chapter)","0x0","0x0","0xff","0xfd","0x7f","0xff","0x0","0","0x0","0","-3","-1","-1","-1","0","0","34","2","255","223","95","253","0","0","0","0","255","255","253","255","0","0","0","0x0","0xff","0xff","0xff","0xfd","0x0","0x0","0xffffffff","0x0","0x0","0x0","0x1"
"0x2A Uther","0xffff","0xffff","0x0","0x0","0x0","0x0","0xff","255","0xff","251","0","0","0","0","-1","-1","-1","-3","0","0","0","0","251","255","255","255","0","0","0","34","255","255","187","0xfb","0x0","0x0","0x0","0x0","0xff","0xffefff","0x0","0xff","0xff","0xff","0xff"
"0x2B Vaida (Boss)","0x0","0x0","0xff","0xff","0xff","0xff","0x0","0","0x20","4","-5","-1","127","127","0","0","0","0","255","255","247","255","0","0","0","0","253","255","255","251","0","0","0","0x0","0xff","0xfd","0xff","0xff","0x0","0x6000","0xefffdfff","0x0","0x0","0x0","0x0"
"0x2C Wallace","0xffff","0xffde","0x0","0x0","0x0","0x0","0x7f","255","0xbf","223","0","0","0","0","-1","-1","-33","-1","0","0","64","0","255","255","255","255","0","0","0","0","255","255","183","0xff","0x10","0x0","0x0","0x0","0xff","0xfcffff","0x0","0xef","0xff","0xff","0xff"
"0x2D Lyn (not tutorial)","0x0","0x21","0xff","0xff","0xfb","0xff","0x0","0","0x0","0","-1","-1","-3","-1","0","0","0","0","255","253","247","255","0","0","0","0","255","255","255","255","0","0","32","0x0","0xff","0xff","0xcb","0xff","0x0","0x0","0xfddeffff","0x0","0x0","0x0","0x0"
"0x2E Wil (not tutorial)","0xffff","0xffde","0x0","0x0","0x0","0x0","0xfb","255","0xff","255","0","0","1","0","-1","-1","-1","-5","0","0","0","0","187","255","222","255","0","0","0","0","255","255","255","0xff","0x0","0x0","0x0","0x0","0xff","0xffffff","0x0","0xff","0xff","0xfe","0xdf"
"0x2F Kent (not tutorial)","0x0","0x0","0xff","0xff","0x7d","0xfa","0x0","0","0x0","0","-1","-1","125","-65","0","0","0","0","255","255","255","255","0","0","0","0","255","255","255","247","32","0","0","0x0","0xff","0xff","0xfb","0xef","0x0","0x0","0xffffff7f","0x0","0x0","0x0","0x0"
"0x30 Sain (not tutorial)","0xffdf","0xffff","0x0","0x0","0x0","0x0","0xff","255","0x6d","253","0","0","0","0","-1","-1","-7","-1","0","0","0","0","255","255","255","255","0","0","0","0","255","255","255","0xff","0x0","0x0","0x4","0xc","0xff","0x3dbfff","0x0","0xfd","0xff","0xfb","0xfd"
"0x31 Florina (not tutorial)","0x0","0x0","0xff","0xdf","0xbf","0xfd","0x0","0","0x0","0","-1","-1","-3","-1","0","0","0","0","255","255","255","255","0","0","0","0","255","255","255","255","0","0","0","0x0","0xff","0xff","0xff","0xff","0x0","0x0","0xfff7ffff","0x0","0x0","0x0","0x0"
"0x32 Rath (not tutorial)","0xffff","0xffff","0x0","0x0","0x0","0x0","0xff","255","0xbf","255","0","0","0","0","-1","-1","-1","-1","0","0","0","0","255","255","126","255","1","0","0","0","255","255","250","0xef","0x0","0x0","0x0","0x0","0xff","0xffffff","0x0","0xff","0xff","0xff","0xff"
"0x33 Dart","0x0","0x0","0xff","0x5f","0xff","0xbf","0x0","0","0x0","0","-1","-1","-2","-1","0","0","0","0","255","255","255","255","0","0","0","0","255","255","255","239","0","0","0","0x0","0xff","0xff","0xff","0xff","0x0","0x0","0xffffffff","0x0","0x0","0x0","0x0"
"0x34 Isadora","0xffff","0xff7f","0x0","0x0","0x0","0x0","0xf7","255","0xff","255","0","0","0","0","-1","-1","-1","-1","0","0","0","0","255","255","123","255","0","0","0","0","255","255","255","0xdf","0x0","0x0","0x0","0x0","0xfd","0xfffaff","0x0","0x7f","0xff","0xff","0xff"
"0x35 Elenora","0x0","0x0","0xff","0xfd","0x1f","0xff","0x0","0","0x0","0","-1","-1","63","-65","0","0","0","0","255","255","251","127","0","0","0","0","255","255","255","250","0","0","0","0x0","0xff","0xff","0xbf","0xff","0x0","0x0","0xffbcfffd","0x0","0x0","0x0","0x0"
"0x36 Legault","0xffff","0xffd3","0x0","0x0","0x0","0x0","0xff","255","0x75","255","0","0","0","0","-1","-1","-1","-1","0","0","0","0","255","255","127","245","0","0","0","0","191","255","251","0xff","0x0","0x0","0x0","0x0","0xbf","0xbfffff","0x0","0xff","0xff","0xff","0xef"
"0x37 Karla","0x0","0x0","0xdf","0xff","0xdb","0xdf","0x0","0","0x0","0","-1","-1","-21","-1","16","0","0","0","255","255","255","63","0","0","0","0","255","255","219","255","0","0","0","0x0","0xff","0x7f","0x7f","0xff","0x1","0x0","0xfff7ffff","0x0","0x0","0x0","0x0"
"0x38 Harken","0xf7ff","0xffff","0x0","0x0","0x0","0x0","0xff","255","0xff","255","0","0","0","0","-1","-9","-3","-1","0","0","0","0","191","255","253","235","0","0","0","0","255","255","189","0xef","0x0","0x0","0x0","0x0","0xff","0xfffdff","0x0","0xff","0xff","0xfb","0xff"
"0x39 Leila","0x100","0x0","0xff","0xff","0xfb","0x6b","0x0","0","0x0","0","-1","-1","-1","-1","0","0","0","0","253","255","255","255","0","0","0","0","255","255","255","255","0","0","0","0x0","0xff","0xef","0xdf","0xff","0x0","0x0","0xfffffeff","0x0","0x0","0x0","0x0"
"0x3A Bramimond","0xffff","0xfffe","0x0","0x0","0x0","0x0","0xff","253","0xff","191","1","0","0","0","-1","-1","-1","-1","0","0","0","0","255","254","243","255","0","0","0","0","255","255","247","0xff","0x0","0x0","0x0","0x0","0x7f","0xf7ddff","0x0","0xff","0xff","0x1f","0xef"
"0x3B Kishuna","0x0","0x0","0xff","0xff","0xf7","0xfb","0x0","0","0x0","0","-1","-1","-3","-1","0","0","0","0","255","255","255","253","0","0","0","0","255","255","243","255","0","0","0","0x0","0xff","0xff","0xcd","0xff","0x0","0x0","0xffffffff","0x0","0x0","0x0","0x0"
"0x3C Groznyi","0xffff","0xffff","0x0","0x0","0x0","0x0","0xff","239","0xff","253","0","0","0","0","-1","-1","-3","-1","0","0","0","0","255","255","127","255","0","0","0","0","255","255","255","0xfe","0x0","0x0","0x0","0x0","0xbf","0xfdf7ff","0x80","0xff","0xff","0x7f","0xfe"
"0x3D Wire","0x0","0x0","0xff","0xff","0xff","0xff","0x0","0","0x0","0","127","-17","-1","-1","0","0","0","0","255","255","215","255","0","0","0","0","255","255","247","127","0","0","0","0x0","0xff","0xff","0xff","0xfe","0x0","0x0","0xfffffdff","0x0","0x0","0x0","0x0"
"0x3E Bandit","0xffff","0xffff","0x0","0x0","0x0","0x0","0xff","255","0xdf","255","0","0","0","0","-1","-1","-33","-5","0","0","0","0","255","239","255","255","0","0","0","0","255","255","255","0xff","0x0","0x0","0x0","0x0","0xff","0xffbeff","0x0","0xff","0xff","0xfb","0xff"
"0x3F Zagan","0x0","0x0","0xcf","0xff","0xfb","0xff","0x0","0","0x0","0","-1","-1","-9","-1","0","0","0","0","255","255","231","253","0","0","0","0","255","255","254","239","0","0","0","0x0","0xfb","0xff","0xde","0xff","0x0","0x0","0x7ffbdfff","0x0","0x0","0x0","0x0"
"0x40 Boies","0xffff","0xffff","0x0","0x0","0x0","0x0","0xff","255","0xf7","223","0","0","0","0","-1","-1","-2","-1","0","0","0","0","255","255","247","242","0","0","0","0","255","255","191","0xff","0x0","0x1","0x0","0x0","0x7f","0xfffeff","0x0","0xff","0xff","0xff","0xfb"
"0x41 Puzon","0x800","0x0","0xef","0xff","0xf7","0xff","0x0","0","0x0","0","-1","-1","-1","-1","0","0","0","0","255","255","191","255","0","0","0","0","255","255","223","255","0","0","0","0x0","0xff","0xff","0xfe","0xfb","0x0","0x0","0xbfe6dfff","0x0","0x0","0x0","0x0"
"0x42 Bandit","0xbfff","0xffff","0x0","0x0","0x0","0x0","0xff","255","0xd7","255","0","0","0","0","-19","-1","-14","-67","0","0","0","0","255","255","249","255","0","0","0","0","255","255","63","0xfe","0x0","0x0","0x0","0x0","0xff","0xeffeff","0x0","0xff","0xfe","0xfd","0xff"
"0x43 Santals","0x0","0x0","0xff","0xff","0xff","0xfe","0x0","0","0x0","0","-33","-1","-65","-33","0","0","0","0","253","255","119","255","0","0","0","0","255","255","252","255","0","0","0","0x0","0xff","0xff","0xbb","0xff","0x0","0x0","0xf77adfff","0x0","0x0","0x0","0x0"
"0x44 Nergal","0xffff","0xf759","0x0","0x0","0x0","0x0","0xff","255","0x7b","223","0","0","0","0","-1","-1","-6","-1","0","8","0","0","255","255","247","239","0","0","0","0","239","239","255","0xef","0x0","0x0","0x0","0x0","0xdf","0xdbfff7","0x0","0xff","0xff","0xff","0xff"
"0x45 Erik","0x0","0x0","0xff","0xff","0xdf","0xff","0x0","0","0x0","0","-1","-1","61","-100","0","0","0","0","207","117","223","247","0","0","0","0","255","255","255","254","0","0","0","0x0","0xff","0xff","0xff","0xff","0x0","0x0","0xfffffffb","0x0","0x0","0x0","0x0"
"0x46 Sealen","0xf37e","0xfdff","0x0","0x0","0x0","0x0","0xff","255","0xce","255","0","0","0","0","-1","-1","-2","-1","0","0","0","0","255","255","255","255","0","0","0","0","206","251","255","0xff","0x0","0x0","0x0","0x0","0xff","0xff5fff","0x0","0xff","0xff","0xff","0xff"
"0x47 Bauker","0x0","0x0","0xff","0xff","0xfb","0xff","0x0","0","0x0","0","-37","11","-1","-37","0","0","0","0","255","255","191","254","0","0","0","0","255","255","253","255","0","0","0","0x0","0xff","0xff","0xb7","0xfb","0x0","0x0","0xffdeff1c","0x0","0x0","0x0","0x0"
"0x48 Bernard","0xff7f","0xefde","0x0","0x0","0x0","0x0","0xff","255","0xff","247","0","0","0","0","-1","-2","-1","-99","0","0","0","0","145","254","253","255","0","0","0","0","253","255","254","0xfd","0x0","0x0","0x0","0x0","0xff","0xfffdff","0x0","0xff","0xff","0xff","0xff"
"0x49 Damian","0x0","0x0","0xf3","0x5c","0x6f","0xff","0x0","0","0x0","0","-1","-1","-17","-2","0","0","0","0","255","255","254","255","0","0","0","0","255","255","190","255","0","0","0","0x0","0x51","0xfe","0xff","0xfe","0x0","0x0","0xfefbffef","0x0","0x0","0x0","0x0"
"0x4A Zoldam","0xffff","0xfff7","0x0","0x0","0x0","0x0","0xff","255","0xdf","127","0","0","0","0","85","-14","-1","-9","0","0","0","0","255","255","255","255","0","0","0","0","255","255","191","0xfd","0x0","0x0","0x0","0x0","0xff","0xf7ffff","0x0","0xfe","0xfe","0xf7","0xff"
"0x4B Uhai","0x0","0x0","0xff","0xff","0xdf","0xbf","0x0","0","0x0","0","-1","-1","108","-33","0","0","0","0","255","255","255","253","0","0","0","0","180","247","255","255","0","0","0","0x0","0xff","0xff","0xe7","0xff","0x0","0x0","0xfffbffef","0x0","0x0","0x0","0x0"
"0x4C Aion","0xffff","0xfffa","0x1","0x0","0x0","0x0","0xca","15","0xff","255","0","0","0","0","-1","-1","-1","-11","0","0","0","0","191","255","255","127","0","0","0","0","255","255","127","0xfd","0x0","0x0","0x0","0x0","0xdd","0xff7ffe","0x0","0x7b","0xff","0xff","0xed"
"0x4D Darin","0x0","0x0","0x7f","0xff","0xfd","0xfe","0x0","0","0x0","0","-1","-1","103","-1","0","0","0","0","95","29","255","255","0","0","0","0","254","255","255","253","0","0","0","0x0","0xff","0xff","0xfb","0xff","0x0","0x4","0xfffbffff","0x0","0x0","0x0","0x0"
"0x4E Cameron","0x7591","0xffff","0x0","0x0","0x0","0x0","0xff","255","0x3e","219","-128","0","0","0","-1","-9","-1","-5","0","0","0","0","247","255","219","127","0","0","0","0","255","239","123","0xfd","0x0","0x0","0x0","0x0","0x0","0x0","0x10000000","0x0","0x4","0x0","0x0"
"0x4F Oleg","0x0","0x0","0x0","0x0","0x0","0x0","0x0","0","0x0","0","16","0","0","0","0","0","0","0","0","0","0","0","0","0","0","0","0","0","0","0","0","0","0","0x0","0x4","0x0","0x0","0x0","0x0","0x0","0x400","0x0","0x0","0x0","0x0"
"0x50 Eubans","0x0","0x0","0x0","0x0","0x0","0x0","0x8","0","0x0","0","0","0","0","0","0","0","0","0","0","0","0","0","0","0","0","0","0","0","0","0","0","0","0","0x0","0x0","0x0","0x0","0x0","0x0","0x0","0x0","0x0","0x0","0x0","0x0"
"0x51 Ursula","0x0","0x0","0x0","0x0","0x0","0x0","0x0","0","0x0","0","0","0","0","0","0","0","0","2","0","0","0","0","0","0","0","0","0","0","0","0","0","0","0","0x0","0x0","0x0","0x0","0x0","0x0","0x0","0x0","0x0","0x0","0x0","0x0"
"0x52 Black Fang","0x0","0x0","0x0","0x0","0x0","0x0","0x0","0","0x0","0","0","0","0","0","0","0","0","0","0","0","0","0","0","0","0","0","0","0","0","0","0","0","0","0x0","0x0","0x0","0x0","0x0","0x0","0x0","0x0","0x0","0x0","0x0","0x0"
"0x53 Paul","0x0","0x0","0x0","0x0","0x0","0x0","0x0","0","0x0","0","0","0","0","0","0","0","0","0","0","0","0","0","0","0","0","0","0","0","0","0","0","0","0","0x0","0x0","0x0","0x0","0x0","0x0","0x0","0x0","0x0","0x0","0x0","0x0"
"0x54 Jasmine","0x0","0x0","0x0","0x0","0x0","0x0","0x0","0","0x0","0","0","0","0","0","0","0","0","0","0","0","16","0","0","0","0","0","0","0","0","0","0","0","0","0x0","0x0","0x0","0x0","0x0","0x0","0x0","0x0","0x0","0x0","0x0","0x0"
"0x55 Black Fang","0x0","0x0","0x0","0x0","0x0","0x0","0x0","0","0x0","0","0","0","0","0","0","0","0","0","0","0","0","0","0","0","0","0","0","0","0","0","0","0","0","0x0","0x20","0x0","0x0","0x0","0x0","0x0","0x0","0x0","0x0","0x0","0x0"
"0x56 Morph Jerme","0x0","0x0","0x0","0x0","0x0","0x0","0x0","0","0x0","0","0","8","0","0","0","0","0","0","2","0","0","0","0","0","0","0","0","0","0","0","0","0","0","0x0","0x0","0x0","0x0","0x0","0x0","0x0","0x24000040","0x0","0x0","0x0","0x0"
"0x57 Pascal","0x0","0x0","0x0","0x0","0x0","0x0","0x0","0","0x0","0","0","-128","0","0","0","0","0","0","0","0","0","0","0","0","0","0","0","0","0","0","0","0","0","0x0","0x0","0x0","0x0","0x0","0x0","0x0","0x0","0x0","0x0","0x0","0x0"
"0x58 Kenneth","0x800","0x0","0x0","0x0","0x0","0x0","0x0","0","0x0","0","0","0","0","0","0","0","0","0","0","0","0","0","0","0","0","0","0","0","0","0","0","0","0","0x0","0x0","0x0","0x0","0x0","0x0","0x0","0x0","0x0","0x0","0x0","0x0"
"0x59 Jerme","0x0","0x0","0x0","0x0","0x0","0x0","0x0","0","0x0","0","0","0","0","0","0","0","0","0","0","0","0","0","0","0","0","0","0","0","0","0","0","0","0","0x0","0x0","0x0","0x0","0x0","0x0","0x0","0x0","0x0","0x0","0x0","0x0"
"0x5A Maxime","0x0","0x0","0x0","0x0","0x0","0x0","0x0","0","0x0","0","0","0","0","0","0","0","0","0","0","0","0","0","0","0","0","0","0","0","0","0","0","0","0","0x0","0x0","0x0","0x0","0x0","0x0","0x0","0x0","0x0","0x0","0x0","0x0"
"0x5B Sonia","0x0","0x0","0x0","0x0","0x0","0x0","0x0","0","0x0","0","0","0","0","0","0","0","0","0","0","0","0","0","0","0","0","0","0","0","0","0","0","0","0","0x0","0x0","0x0","0x0","0x0","0x0","0x0","0x0","0x0","0x0","0x0","0x0"
"0x5C Teodor","0x0","0x0","0x0","0x0","0x0","0x0","0x0","16","0x0","0","0","0","0","0","0","0","0","0","64","0","0","0","0","0","0","0","0","0","0","0","0","0","0","0x0","0x0","0x0","0x0","0x0","0x0","0x8","0x0","0x0","0x0","0x0","0x0"
"0x5D Georg","0x0","0x0","0x0","0x0","0x0","0x0","0x0","0","0x0","0","0","0","0","0","0","0","0","0","0","0","0","0","0","0","0","0","0","0","0","0","0","0","0","0x0","0x0","0x0","0x0","0x0","0x0","0x0","0x0","0x0","0x0","0x0","0x0"
"0x5E Kaim","0x0","0x0","0x0","0x80","0x0","0x0","0x0","0","0x0","0","0","0","0","0","0","0","0","0","0","0","0","0","0","0","0","0","0","0","0","0","0","0","0","0x0","0x0","0x0","0x0","0x0","0x0","0x0","0x0","0x0","0x0","0x0","0x0"
"0x5F Merc","0x0","0x0","0x0","0x0","0x0","0x0","0x0","0","0x0","0","0","0","0","0","0","0","0","0","0","0","0","0","0","0","0","0","0","0","0","0","0","0","0","0x0","0x0","0x0","0x0","0x0","0x0","0x0","0x0","0x0","0x0","0x0","0x0"
"0x60 Denning","0x0","0x0","0x0","0x0","0x0","0x0","0x0","0","0x0","0","0","0","0","0","0","0","0","0","2","0","0","0","0","0","0","0","0","0","0","0","0","0","0","0x0","0x0","0x0","0x0","0x0","0x0","0x0","0x0","0x0","0x40","0x0","0x0"
"0x61 Bern","0x0","0x0","0x0","0x0","0x0","0x0","0x0","0","0x0","0","0","4","0","0","0","0","0","0","0","0","0","0","0","0","0","0","0","0","0","0","0","0","0","0x0","0x0","0x0","0x0","0x0","0x0","0x0","0x0","0x0","0x0","0x0","0x0"
"0x62 Morph","0x0","0x0","0x0","0x0","0x0","0x0","0x0","8","0x0","0","0","0","0","0","0","0","0","0","0","0","0","0","0","0","0","0","0","0","0","0","0","0","0","0x0","0x0","0x0","0x0","0x0","0x0","0x0","0x0","0x0","0x0","0x0","0x0"
"0x63 Lloyd (Four-Fanged Offense)","0x0","0x0","0x0","0x40","0x0","0x0","0x0","0","0x0","0","0","0","0","0","0","0","0","0","0","0","0","0","0","0","0","0","0","0","0","0","64","0","0","0x0","0x0","0x0","0x0","0x0","0x0","0x0","0x0","0x0","0x0","0x0","0x0"
"0x64 Linus (Four-Fanged Offense)","0x0","0x0","0x0","0x0","0x0","0x0","0x0","0","0x0","0","0","0","0","0","0","0","0","0","0","0","0","0","0","0","0","0","0","0","0","0","0","0","0","0x0","0x0","0x0","0x0","0x0","0x0","0x0","0x0","0x0","0x0","0x0","0x0"
"0x65 Lloyd (Cog of Destiny)","0x0","0x0","0x0","0x0","0x0","0x0","0x0","0","0x0","64","0","0","0","0","0","0","0","0","0","0","0","0","0","0","0","0","0","0","0","0","0","0","0","0x0","0x0","0x0","0x0","0x0","0x0","0x0","0x0","0x0","0x0","0x0","0x0"
"0x66 Linus (Cog of Destiny)","0x0","0x0","0x0","0x0","0x0","0x0","0x0","0","0x0","0","0","0","0","0","0","0","0","0","0","0","0","0","0","0","0","0","128","64","0","0","0","0","0","0x0","0x0","0x0","0x0","0x0","0x0","0x0","0x0","0x0","0x0","0x0","0x0"
"0x67 Bandit","0x0","0x0","0x0","0x0","0x10","0x0","0x0","64","0x0","0","0","0","0","0","0","0","0","0","0","0","0","0","0","0","0","0","0","0","0","0","0","0","0","0x0","0x0","0x0","0x0","0x0","0x0","0x8000","0x0","0x0","0x0","0x0","0x0"
"0x68 Bandit","0x0","0x0","0x0","0x0","0x0","0x0","0x0","0","0x0","0","0","0","0","0","0","0","0","0","0","0","0","0","0","0","0","0","0","0","0","0","0","0","0","0x0","0x0","0x0","0x0","0x0","0x40","0x0","0x0","0x0","0x0","0x0","0x0"
"0x69 Bandit","0x0","0x0","0x0","0x0","0x0","0x0","0x0","0","0x0","0","0","0","0","0","0","0","0","0","0","0","0","0","0","0","0","0","0","0","0","0","0","0","0","0x0","0x0","0x0","0x0","0x0","0x0","0x0","0x0","0x0","0x0","0x0","0x0"
"0x6A Laus","0x0","0x0","0x0","0x0","0x0","0x0","0x0","0","0x0","0","0","0","0","0","0","0","0","0","0","0","0","0","0","0","0","0","0","0","0","0","0","0","0","0x0","0x0","0x0","0x0","0x0","0x0","0x0","0x0","0x0","0x0","0x0","0x0"
"0x6B Laus","0x0","0x0","0x0","0x0","0x0","0x0","0x0","0","0x0","0","0","0","0","0","0","0","0","0","0","0","0","0","0","0","0","0","0","0","0","0","0","0","0","0x0","0x0","0x0","0x0","0x0","0x0","0x0","0x0","0x0","0x0","0x0","0x0"
"0x6C Pirate","0x0","0x0","0x0","0x0","0x0","0x0","0x0","0","0x0","0","0","0","0","0","0","0","0","0","0","0","0","0","0","0","0","0","0","0","0","0","0","0","0","0x0","0x0","0x0","0x0","0x0","0x0","0x0","0x0","0x0","0x0","0x0","0x0"
"0x6D Black Fang","0x0","0x0","0x0","0x0","0x0","0x0","0x0","0","0x0","0","0","0","0","0","8","4","0","0","0","0","0","0","0","0","0","0","0","0","0","0","0","0","0","0x0","0x0","0x0","0x0","0x0","0x0","0x0","0x0","0x0","0x0","0x0","0x0"
"0x6E Black Fang","0x0","0x0","0x0","0x0","0x0","0x0","0x0","0","0x0","0","0","0","0","0","0","0","0","0","0","0","0","0","0","0","0","0","0","0","0","0","0","0","0","0x0","0x0","0x0","0x0","0x0","0x0","0x0","0x0","0x0","0x0","0x0","0x0"
"0x6F Ostia","0x0","0x0","0x0","0x0","0x0","0x0","0x0","0","0x0","0","0","0","0","0","0","0","0","0","0","0","0","0","0","0","0","0","0","0","0","0","0","0","0","0x0","0x0","0x0","0x0","0x0","0x0","0x0","0x0","0x0","0x0","0x0","0x0"
"0x70 Black Fang","0x0","0x0","0x0","0x0","0x0","0x0","0x0","0","0x0","0","0","0","0","0","0","0","0","0","0","0","0","0","0","0","0","0","0","0","0","0","0","0","0","0x0","0x0","0x0","0x0","0x0","0x0","0x0","0x0","0x0","0x0","0x0","0x0"
"0x71 Guardian","0x0","0x0","0x0","0x0","0x0","0x0","0x0","0","0x0","0","0","0","0","0","0","0","0","0","0","0","0","0","0","0","0","0","0","0","0","0","0","0","0","0x0","0x0","0x0","0x0","0x0","0x0","0x0","0x0","0x0","0x0","0x0","0x0"
"0x72 Morph","0x0","0x0","0x0","0x0","0x0","0x0","0x0","0","0x0","0","0","0","0","0","0","0","0","0","0","0","0","0","0","0","0","0","0","0","0","0","0","0","0","0x0","0x0","0x0","0x0","0x0","0x0","0x0","0x0","0x0","0x0","0x0","0x0"
"0x73 Morph","0x0","0x0","0x0","0x0","0x0","0x0","0x0","0","0x0","0","0","0","0","0","0","0","0","0","128","0","0","0","0","0","0","0","0","0","0","0","0","0","0","0x0","0x0","0x0","0x0","0x0","0x80","0x0","0x0","0x0","0x0","0x0","0x0"
"0x74 Morph","0x0","0x0","0x0","0x0","0x0","0x0","0x0","0","0x0","0","0","0","0","0","0","0","0","0","0","0","0","0","0","0","0","0","0","0","0","0","0","0","0","0x0","0x0","0x0","0x0","0x0","0x0","0x0","0x0","0x0","0x0","0x0","0x0"
"0x75 Caelin","0x0","0x0","0x0","0x0","0x0","0x0","0x0","0","0x0","0","0","0","0","0","0","0","0","0","0","0","0","0","0","0","0","0","0","0","0","0","0","0","0","0x0","0x4","0x0","0x0","0x0","0x0","0x0","0x0","0x0","0x0","0x0","0x0"
"0x76 Caelin","0x80","0x0","0x0","0x0","0x0","0x0","0x0","0","0x0","0","0","0","0","0","0","0","0","0","0","0","0","0","0","0","0","0","0","0","0","0","0","0","0","0x0","0x0","0x0","0x0","0x0","0x0","0x0","0x0","0x0","0x0","0x0","0x0"
"0x77 Caelin","0x0","0x0","0x0","0x0","0x0","0x0","0x0","0","0x0","0","0","0","0","0","64","0","0","0","0","0","64","0","0","0","0","128","0","0","0","0","0","0","0","0x0","0x0","0x0","0x0","0x0","0x0","0x0","0x0","0x0","0x0","0x0","0x0"
"0x78 Laus","0x0","0x0","0x0","0x0","0x20","0x0","0x0","0","0x0","0","0","0","0","0","0","0","0","0","0","0","0","0","0","0","0","0","0","0","0","0","0","0","0","0x0","0x0","0x0","0x0","0x1","0x0","0x0","0x0","0x0","0x0","0x0","0x0"
"0x79 Laus","0x0","0x0","0x0","0x0","0x0","0x0","0x0","0","0x0","0","0","0","0","0","0","0","0","0","0","0","0","0","0","0","0","0","0","0","0","0","0","0","0","0x0","0x0","0x0","0x0","0x0","0x0","0x0","0x0","0x0","0x0","0x0","0x0"
"0x7A Zephiel","0x0","0x0","0x0","0x0","0x0","0x0","0x0","0","0x0","0","0","0","0","0","0","0","0","0","0","0","0","0","0","0","0","0","0","0","96","0","0","0","0","0x0","0x0","0x0","0x0","0x0","0x0","0x0","0x0","0x0","0x0","0x0","0x0"
"0x7B Elbert","0x0","0x0","0x0","0x0","0x4","0x0","0x0","0","0x0","0","0","0","0","0","0","0","0","0","0","0","0","0","16","0","0","0","0","0","0","0","0","0","0","0x0","0x0","0x0","0x0","0x0","0x0","0x0","0x0","0x0","0x0","0x0","0x0"
"0x7C Black Fang","0x0","0x0","0x0","0x0","0x0","0x0","0x0","0","0x0","0","0","0","0","0","0","0","0","0","0","0","0","0","0","0","0","0","0","0","0","0","0","0","0","0x0","0x0","0x0","0x0","0x0","0x0","0x0","0x8","0x0","0x0","0x0","0x0"
"0x7D Black Fang","0x0","0x1","0x0","0x0","0x0","0x0","0x0","0","0x0","0","0","0","0","0","0","0","0","0","0","0","0","0","0","0","0","0","0","0","0","0","0","0","0","0x0","0x0","0x0","0x0","0x0","0x0","0x0","0x0","0x0","0x0","0x0","0x0"
"0x7E Black Fang","0x0","0x0","0x0","0x0","0x0","0x0","0x0","0","0x0","0","0","0","0","0","0","0","0","0","32","0","0","0","32","0","0","0","0","0","0","0","0","0","0","0x0","0x0","0x0","0x0","0x0","0x0","0x0","0x0","0x0","0x40","0x0","0x0"
"0x7F Morph","0x0","0x0","0x0","0x0","0x0","0x0","0x0","0","0x0","0","0","0","0","0","0","0","0","0","0","0","0","0","0","0","0","4","4","0","0","0","0","0","0","0x0","0x0","0x0","0x0","0x0","0x0","0x0","0x0","0x0","0x0","0x0","0x0"
"0x80 Morph","0x0","0x0","0x0","0x0","0x0","0x0","0x0","0","0x0","0","0","0","0","0","0","0","0","0","0","0","0","0","0","0","0","0","0","0","0","0","0","0","0","0x0","0x0","0x0","0x0","0x0","0x0","0x0","0x0","0x0","0x0","0x0","0x0"
"0x81 Morph","0x0","0x0","0x0","0x0","0x0","0x0","0x8","0","0x0","0","0","0","0","0","1","0","0","0","0","0","0","0","0","0","0","0","0","0","0","0","0","0","0","0x0","0x0","0x0","0x0","0x0","0x0","0x0","0x0","0x0","0x0","0x0","0x0"
"0x82 Morph","0x0","0x0","0x0","0x0","0x0","0x0","0x0","0","0x0","0","0","0","0","0","0","0","0","0","0","0","0","0","0","0","0","0","0","0","0","0","0","0","0","0x0","0x0","0x0","0x0","0x0","0x0","0x0","0x0","0x0","0x0","0x0","0x0"
"0x83 Black Fang","0x0","0x0","0x4","0x0","0x0","0x0","0x0","0","0x0","0","0","0","0","0","0","0","0","0","0","0","0","0","0","0","0","0","0","0","0","0","0","0","0","0x0","0x0","0x0","0x0","0x0","0x0","0x0","0x0","0x0","0x0","0x0","0x0"
"0x84 Brendan","0x0","0x0","0x0","0x0","0x0","0x0","0x0","0","0x0","0","0","0","0","0","0","0","0","0","0","0","0","0","0","0","0","0","0","0","0","0","0","0","0","0x0","0x20","0x0","0x0","0x0","0x0","0x0","0x0","0x0","0x0","0x0","0x0"
"0x85 Limstella","0x0","0x0","0x0","0x0","0x0","0x0","0x0","0","0x0","0","0","0","0","0","0","0","0","0","0","0","0","0","0","0","0","0","0","0","0","0","0","0","0","0x0","0x0","0x0","0x0","0x0","0x0","0x0","0x0","0x0","0x0","0x0","0x0"
"0x86 Dragon","0x0","0x0","0x10","0x0","0x0","0x1","0x0","0","0x0","0","0","0","0","0","0","0","0","0","0","0","0","0","0","0","0","0","1","0","0","0","0","0","0","0x0","0x0","0x0","0x0","0x0","0x0","0x0","0x0","0x0","0x0","0x0","0x0"
"0x87 Batta","0x0","0x0","0x40","0x0","0x0","0x0","0x0","0","0x0","0","0","16","0","0","0","0","0","0","0","0","0","0","0","0","0","0","0","0","0","0","0","0","0","0x0","0x0","0x0","0x0","0x0","0x0","0x1","0x0","0x0","0x0","0x0","0x0"
"0x88 Bandit","0x0","0x0","0x0","0x0","0x0","0x0","0x0","0","0x0","0","0","0","0","0","0","0","0","0","0","0","0","0","0","0","0","0","0","0","0","0","0","0","0","0x0","0x0","0x0","0x0","0x0","0x0","0x0","0x0","0x0","0x0","0x0","0x0"
"0x89 Zugu","0x1","0x0","0x0","0x0","0x0","0x0","0x0","0","0x0","0","0","0","0","0","0","0","0","0","0","0","0","0","0","0","0","0","0","0","0","0","0","0","0","0x0","0x0","0x0","0x0","0x0","0x0","0x0","0x0","0x0","0x0","0x0","0x0"
"0x8A Bandit","0x0","0x0","0x0","0x0","0x0","0x0","0x0","64","0x0","0","0","0","0","0","0","0","0","0","0","0","0","0","0","0","0","0","0","0","0","0","0","0","0","0x0","0x0","0x0","0x0","0x0","0x0","0x0","0x40","0x20","0x0","0x0","0x0"
"0x8B Bandit","0x0","0x0","0x0","0x0","0x0","0x0","0x0","0","0x0","0","0","0","0","0","0","0","0","0","0","0","0","0","0","0","0","0","0","0","0","0","128","0","0","0x0","0x0","0x0","0x0","0x0","0x0","0x0","0x0","0x0","0x0","0x0","0x0"
"0x8C Bandit","0x0","0x0","0x0","0x0","0x0","0x0","0x0","0","0x0","0","0","0","0","0","0","0","0","0","0","0","0","0","0","0","0","0","0","0","0","0","0","0","64","0x0","0x0","0x0","0x0","0x0","0x0","0x0","0x0","0x0","0x0","0x0","0x0"
"0x8D Glass","0x0","0x0","0x0","0x0","0x0","0x0","0x0","0","0x0","0","0","0","0","0","0","0","0","0","0","0","0","0","0","0","0","0","0","0","0","0","0","0","0","0x0","0x0","0x0","0x0","0x0","0x0","0x0","0x0","0x0","0x0","0x0","0x0"
"0x8E Migal","0x0","0x0","0x0","0x0","0x0","0x0","0x0","0","0x0","0","0","0","0","0","0","16","0","0","0","0","0","0","0","0","0","0","0","0","0","0","0","0","0","0x0","0x0","0x0","0x0","0x0","0x0","0x0","0x8","0x40","0x0","0x0","0x0"
"0x8F Bandit","0x0","0x0","0x0","0x0","0x0","0x0","0x0","0","0x0","0","0","0","0","0","0","0","0","0","0","0","0","0","0","1","0","0","8","0","0","0","0","0","0","0x0","0x0","0x0","0x0","0x0","0x0","0x8","0x0","0x0","0x0","0x0","0x0"
"0x90 Bandit","0x0","0x0","0x0","0x0","0x0","0x0","0x0","0","0x0","0","0","0","0","0","0","0","0","0","0","0","0","0","0","0","0","0","0","0","0","0","0","0","0","0x0","0x0","0x0","0x0","0x0","0x0","0x0","0x0","0x0","0x0","0x0","0x0"
"0x91 Bandit","0x0","0x0","0x0","0x0","0x0","0x0","0x0","0","0x0","0","0","0","0","0","0","0","0","0","0","0","0","0","0","0","0","0","0","0","0","0","0","0","0","0x0","0x0","0x0","0x0","0x0","0x0","0x0","0x0","0x0","0x0","0x0","0x0"
"0x92 Bandit","0x0","0x0","0x0","0x0","0x0","0x0","0x0","0","0x0","0","0","0","0","0","0","0","0","0","0","0","0","0","0","0","0","0","0","0","0","0","0","0","0","0x0","0x0","0x0","0x0","0x0","0x0","0x0","0x0","0x0","0x0","0x0","0x0"
"0x93 Bandit","0x0","0x0","0x0","0x0","0x0","0x0","0x0","0","0x0","0","0","0","0","0","0","0","0","0","0","32","0","0","0","0","0","0","0","0","0","0","0","0","0","0x0","0x0","0x0","0x0","0x0","0x0","0x0","0x0","0x0","0x0","0x0","0x0"
"0x94 Carjiga","0x0","0x0","0x0","0x0","0x0","0x0","0x0","0","0x0","0","0","0","0","0","0","0","0","0","0","0","0","0","0","0","0","0","0","0","0","0","0","0","0","0x0","0x0","0x0","0x0","0x0","0x0","0x0","0x0","0x0","0x0","0x0","0x0"
"0x95 Bandit","0x0","0x0","0x0","0x0","0x0","0x0","0x0","0","0x0","0","0","0","0","0","0","0","0","0","0","0","0","0","0","0","0","0","0","0","0","0","0","0","0","0x0","0x0","0x0","0x0","0x0","0x0","0x0","0x0","0x10","0x0","0x0","0x0"
"0x96 Bandit","0x0","0x0","0x0","0x0","0x0","0x0","0x0","0","0x0","0","0","0","0","0","0","0","0","0","0","0","0","0","0","0","0","0","0","0","0","0","0","0","0","0x0","0x0","0x0","0x0","0x0","0x0","0x0","0x0","0x0","0x0","0x0","0x0"
"0x97 Bandit","0x0","0x0","0x0","0x0","0x0","0x0","0x0","0","0x0","0","0","0","0","0","0","0","0","0","0","64","0","0","0","0","0","0","0","0","0","0","0","0","0","0x0","0x0","0x0","0x0","0x0","0x0","0x0","0x0","0x0","0x0","0x0","0x0"
"0x98 Bandit","0x0","0x0","0x0","0x0","0x0","0x0","0x0","0","0x0","0","0","0","0","0","0","0","0","0","0","0","0","0","0","0","0","0","0","0","0","0","0","0","0","0x0","0x0","0x0","0x0","0x0","0x0","0x0","0x0","0x0","0x0","0x0","0x0"
"0x99 Bug","0x0","0x0","0x0","0x0","0x0","0x0","0x0","0","0x0","0","0","0","0","0","0","0","0","0","0","0","0","0","0","0","0","0","0","0","0","0","0","0","0","0x0","0x0","0x0","0x0","0x0","0x0","0x0","0x0","0x0","0x0","0x0","0x0"
"0x9A Bandit","0x0","0x0","0x20","0x0","0x0","0x0","0x0","0","0x0","0","0","0","0","0","0","0","0","0","0","0","0","0","0","0","0","0","0","0","0","0","0","0","0","0x0","0x0","0x0","0x0","0x0","0x0","0x0","0x1","0x0","0x0","0x0","0x0"
"0x9B Bandit","0x0","0x0","0x0","0x0","0x0","0x0","0x0","0","0x0","0","0","0","0","0","0","0","0","0","0","0","0","0","0","0","0","0","0","0","0","0","0","0","0","0x0","0x0","0x0","0x0","0x0","0x0","0x0","0x0","0x0","0x0","0x0","0x0"
"0x9C Bandit","0x20","0x0","0x0","0x0","0x0","0x0","0x0","0","0x0","0","0","0","0","0","0","0","0","0","0","0","0","0","0","0","0","0","0","4","0","0","64","0","64","0x0","0x0","0x0","0x0","0x0","0x0","0x0","0x0","0x0","0x0","0x0","0x0"
"0x9D Bandit","0x80","0x0","0x0","0x0","0x0","0x0","0x0","0","0x0","0","0","0","0","0","0","0","0","0","0","0","0","0","4","0","0","0","0","0","0","0","255","255","255","0xff","0x0","0x4","0x0","0x0","0xfd","0xffffff","0x0","0xff","0xff","0xaf","0x9f"
"0x9E Natalie","0x10","0x0","0xff","0xff","0xff","0xff","0x0","0","0x0","0","-1","-1","-1","-1","0","0","0","0","255","247","111","253","4","0","0","0","255","255","252","254","0","4","0","0x0","0xff","0xdf","0xff","0xff","0x0","0x0","0xffffffff","0x8","0x0","0x0","0x0"
"0x9F Bool","0xffff","0xffff","0x0","0x0","0x0","0x0","0xff","255","0xff","255","0","0","0","0","-33","-1","-1","-1","0","0","0","0","255","255","255","255","0","0","0","0","255","255","255","0xff","0x0","0x0","0x0","0x0","0xff","0xffffff","0x0","0xfe","0xff","0x7f","0xef"
"0xA0 Bandit","0x0","0x0","0xff","0xff","0xff","0xff","0x0","0","0x0","0","-1","-1","-1","-1","0","0","0","0","255","255","191","255","0","0","0","0","255","255","255","254","0","0","0","0x0","0xff","0xef","0xff","0xff","0x0","0x0","0xffffffff","0x0","0x0","0x0","0x0"
"0xA1 Bandit","0xffff","0xff7f","0x0","0x0","0x0","0x0","0xff","255","0xed","245","0","0","0","0","-3","-1","-1","-1","0","0","0","0","255","255","255","255","0","0","0","0","255","255","247","0xfd","0x0","0x0","0x0","0x0","0xff","0xffbbff","0x0","0xff","0xff","0xff","0xff"
"0xA2 Bandit","0x0","0x0","0xf7","0xff","0x7c","0x6f","0x0","0","0x0","0","-1","127","-1","-1","0","0","0","0","255","255","255","223","0","0","0","0","255","255","255","255","0","0","0","0x0","0xef","0xff","0xf7","0xff","0x0","0x0","0xdf7fffff","0x0","0x0","0x0","0x0"
"0xA3 Bandit","0xffff","0xfffd","0x0","0x0","0x0","0x0","0xff","255","0xff","255","0","0","0","0","-1","-1","-1","-73","0","0","0","0","255","255","255","127","0","0","0","0","255","255","255","0xe6","0x0","0x0","0x0","0x0","0xff","0xffffff","0x0","0xff","0xff","0xff","0xdf"
"0xA4 Bandit","0x0","0x0","0xff","0xff","0xff","0xff","0x0","0","0x0","0","-5","-1","-1","-1","0","0","0","0","255","255","255","255","32","0","0","0","255","255","255","255","0","0","0","0x0","0xff","0xff","0xff","0xff","0x0","0x0","0xff7fffff","0x0","0x0","0x0","0x0"
"0xA5 Bandit","0xffff","0xffff","0x0","0x0","0x0","0x0","0xff","255","0xdf","255","0","0","0","0","-1","-1","-33","127","0","0","0","0","255","255","255","253","0","0","0","0","255","255","255","0xff","0x0","0x0","0x0","0x0","0xff","0xdfdfff","0x0","0xff","0xff","0xf7","0xff"
"0xA6 Heintz","0x8000","0x0","0xff","0xff","0xfe","0xfd","0x0","0","0x0","0","-1","-1","-1","-1","0","0","0","0","255","255","255","239","0","0","0","0","255","255","221","255","0","0","0","0x0","0xff","0xff","0xfb","0xff","0x0","0x8","0xffffffff","0x1","0x0","0x0","0x0"
"0xA7 Black Fang","0xefff","0xffff","0x0","0x0","0x0","0x0","0x7f","255","0xff","254","0","0","0","0","-1","-1","-17","-65","0","0","0","0","255","255","254","255","0","0","0","0","255","255","255","0xdf","0x0","0x0","0x0","0x0","0xff","0x7e7fff","0x0","0xff","0xff","0xff","0xcf"
"0xA8 Black Fang","0x0","0x0","0xff","0xff","0xff","0x7f","0x0","0","0x0","0","-1","-1","-1","-3","0","0","0","0","255","223","251","223","0","0","0","0","255","255","255","255","0","0","0","0x0","0xff","0xff","0xbf","0xfe","0x0","0x0","0xfff7ffff","0x0","0x0","0x0","0x0"
"0xA9 Black Fang","0xffff","0xdfff","0x0","0x0","0x0","0x0","0xff","255","0xff","255","0","0","0","0","-1","-1","-1","-3","0","0","0","0","255","255","243","255","0","0","0","0","255","255","255","0xff","0x0","0x0","0x0","0x0","0xff","0xffffff","0x0","0xbf","0xef","0xdf","0xff"
"0xAA Black Fang","0x0","0x0","0xff","0xff","0xf7","0xff","0x0","0","0x0","0","-1","-1","-33","-1","0","0","0","0","255","255","255","255","0","0","0","0","255","255","255","127","0","0","0","0x0","0xdf","0xfd","0xff","0xff","0x0","0x0","0xfeffffff","0x0","0x0","0x0","0x0"
"0xAB Black Fang","0xffff","0xfdff","0x0","0x0","0x0","0x0","0xfe","255","0xbf","255","0","0","0","0","-1","-1","-1","-49","0","0","0","0","255","253","255","219","0","8","0","0","239","253","255","0xdf","0x0","0x0","0x0","0x0","0xff","0xfffff7","0x0","0xff","0xff","0xff","0xff"
"0xAC Black Fang","0x0","0x0","0xff","0xff","0x7f","0xfd","0x0","0","0x0","0","-1","-1","-65","-1","0","0","0","0","255","255","255","253","0","0","0","0","255","255","215","255","0","0","0","0x0","0x7f","0xbf","0xff","0xf7","0x0","0x0","0xffefffff","0x0","0x0","0x0","0x0"
"0xAD Beyard","0xffff","0xdfbf","0x0","0x0","0x0","0x0","0xff","239","0xff","255","0","0","0","0","-1","-1","-3","-33","0","0","0","0","255","255","255","255","0","0","0","0","255","255","255","0xff","0x0","0x0","0x0","0x0","0xff","0xfedbff","0x0","0xff","0xff","0xff","0xff"
"0xAE Black Fang","0x0","0x0","0x7f","0xff","0xee","0xff","0x0","0","0x0","0","-1","-1","-1","-65","0","0","0","0","255","255","255","191","0","0","0","0","255","255","255","239","0","0","0","0x0","0xff","0xff","0xff","0xff","0x0","0x0","0xf7ff7fef","0x0","0x0","0x0","0x0"
"0xAF Black Fang","0xffff","0xeffb","0x0","0x0","0x0","0x0","0xff","255","0xff","255","0","0","0","0","-1","-1","-1","127","0","0","0","0","255","255","255","249","0","0","0","0","255","255","255","0x7f","0x0","0x40","0x0","0x0","0x6f","0xfdffff","0x0","0xff","0xdf","0xff","0x7f"
"0xB0 Black Fang","0x400","0x0","0xff","0xff","0xbf","0xfd","0x0","0","0x0","0","-1","127","127","-51","0","0","0","0","254","255","239","127","0","0","0","0","247","255","127","255","0","0","0","0x0","0xff","0xff","0xff","0xff","0x0","0x0","0xffbdedff","0x0","0x8","0x0","0x0"
"0xB1 Black Fang","0xffff","0xffff","0x0","0x0","0x0","0x0","0xff","255","0xff","255","0","0","0","0","-1","-1","-1","-1","0","0","0","0","255","255","251","247","0","0","0","0","255","255","255","0xff","0x0","0x0","0x0","0x0","0xff","0xfcffff","0x4000","0xff","0xff","0xbf","0xff"
"0xB2 Black Fang","0x0","0x0","0xff","0xff","0xff","0xff","0x0","0","0x0","0","-1","-1","-1","-1","0","0","0","0","255","255","255","253","0","0","0","0","255","255","253","255","0","0","0","0x0","0xff","0xff","0xff","0xdf","0x0","0x0","0xfffcfedf","0x0","0x0","0x0","0x0"
"0xB3 Black Fang","0xffff","0x7f77","0x0","0x0","0x0","0x0","0xff","255","0xdf","255","0","0","0","0","-1","-1","-1","-1","0","0","0","0","191","255","255","255","0","0","0","0","255","255","255","0xff","0x0","0x0","0x0","0x0","0x7f","0xffffff","0x0","0xff","0xff","0xff","0xff"
"0xB4 Black Fang","0x0","0x0","0xff","0xff","0xdf","0xff","0x0","0","0x0","0","-1","-1","-1","-1","0","0","0","0","255","255","247","191","0","0","0","0","253","255","223","223","0","0","0","0x0","0xff","0xff","0xff","0xef","0x0","0x0","0xffbfffff","0x0","0x0","0x0","0x0"
"0xB5 Black Fang","0xffff","0xffff","0x0","0x0","0x0","0x0","0xff","255","0xff","255","0","0","0","0","-1","-1","-17","-2","0","0","0","0","255","255","255","223","0","0","0","0","255","255","253","0xff","0x0","0x0","0x0","0x0","0xff","0xffffff","0x100000","0xef","0xff","0xff","0xbe"
"0xB6 Yogi","0x0","0x0","0xff","0xff","0xfb","0xbd","0x0","0","0x0","0","-1","-1","-5","-1","0","0","0","0","223","255","255","255","0","0","0","0","255","255","255","255","0","0","0","0x0","0xff","0xff","0xff","0xcf","0x0","0x0","0x7fffffff","0x0","0x0","0x0","0x0"
"0xB7 Caelin","0xffff","0xff7f","0x0","0x0","0x0","0x0","0xff","255","0xff","255","0","0","0","0","-1","-1","-6","-1","0","0","0","0","255","255","255","255","64","0","0","0","255","255","102","0xff","0x0","0x0","0x0","0x0","0x7f","0xfffbff","0x0","0xff","0xff","0xff","0xff"
"0xB8 Caelin","0x20","0x0","0xff","0xff","0xff","0xff","0x0","0","0x0","0","-1","-1","-1","-2","0","0","0","0","255","239","239","255","0","0","0","0","255","255","221","255","0","0","0","0x0","0xff","0xff","0xff","0xef","0x0","0x0","0xfff5ffff","0x0","0x0","0x0","0x0"
"0xB9 Caelin","0xffff","0xdb5e","0x0","0x0","0x0","0x0","0xff","255","0xff","239","0","0","0","0","-1","-1","-33","-2","0","0","0","0","255","255","254","254","0","0","0","0","255","255","191","0xff","0x0","0x0","0x0","0x0","0xff","0xeefbff","0x0","0xff","0xff","0xff","0xfe"
"0xBA Caelin","0x80","0x0","0xef","0xbf","0xfd","0xff","0x0","0","0x0","0","-1","-1","-21","-33","0","0","0","0","255","255","107","255","0","0","0","0","255","255","51","207","0","0","0","0x0","0xff","0xff","0xfd","0xff","0x0","0x0","0xffbefff7","0x0","0x0","0x0","0x0"
"0xBB Caelin","0xfffd","0xffff","0x0","0x0","0x0","0x0","0xff","255","0xeb","255","0","0","0","0","-1","-2","-1","-1","0","0","0","0","255","255","255","255","0","0","0","0","253","255","255","0x9d","0x0","0x0","0x0","0x0","0x7f","0xf9ffff","0x0","0xff","0xff","0xbd","0xff"
"0xBC Caelin","0x0","0x0","0xff","0xff","0xff","0xff","0x0","0","0x0","0","-1","-1","-2","-1","0","0","0","0","253","255","111","255","0","0","0","0","255","255","127","255","0","0","0","0x0","0xff","0xff","0xff","0xfe","0x0","0x0","0x7fffffff","0x0","0x0","0x0","0x0"
"0xBD Caelin","0xffff","0xffef","0x0","0x0","0x0","0x0","0xff","255","0xff","255","0","0","0","0","-1","-1","-1","-9","0","0","0","0","255","191","255","255","0","0","0","0","255","255","255","0xff","0x0","0x0","0x0","0x0","0xff","0xffffff","0x0","0xff","0xff","0xeb","0xfd"
"0xBE Eagler","0x0","0x0","0xff","0xbf","0xfd","0xff","0x0","0","0x0","0","-1","-1","-1","-1","0","0","0","0","223","255","251","255","0","0","0","0","255","255","255","255","0","0","0","0x0","0xff","0xff","0x7e","0xff","0x0","0x0","0xff7fffff","0x0","0x0","0x0","0x0"
"0xBF Caelin","0xbfef","0xdf7d","0x0","0x0","0x0","0x0","0xff","255","0xfd","111","0","0","0","0","-1","-1","-3","-3","0","0","0","0","255","255","255","255","0","0","0","0","255","255","255","0xff","0x0","0x0","0x0","0x0","0xff","0xffffff","0x0","0xff","0xff","0xff","0xff"
"0xC0 Caelin","0x0","0x0","0xff","0xff","0xff","0xef","0x0","0","0x0","0","-1","-1","-65","-33","0","0","0","0","255","239","255","255","0","0","0","0","219","255","223","223","0","0","0","0x0","0x7f","0xfe","0xfe","0xaf","0x0","0x0","0xffffdfff","0x0","0x0","0x0","0x0"
"0xC1 Caelin","0xffff","0xffdf","0x0","0x0","0x0","0x0","0xff","255","0x6d","255","0","0","0","0","-1","-3","-1","-33","0","0","0","0","255","255","255","223","0","0","0","0","255","255","223","0xff","0x0","0x0","0x0","0x0","0xff","0xffffff","0x0","0xff","0xff","0xff","0x2f"
"0xC2 Caelin","0x0","0x0","0xff","0xdf","0xfb","0xef","0x80","0","0x0","0","-3","-1","-33","-1","0","0","0","0","235","251","255","255","0","0","0","0","255","191","255","247","0","0","0","0x0","0xff","0xff","0xff","0xff","0x0","0x0","0xbd7fffff","0x0","0x0","0x0","0x0"
"0xC3 Caelin","0xffff","0xffdf","0x0","0x0","0x0","0x0","0xff","253","0xff","253","0","0","0","0","-1","-1","127","-3","0","0","0","0","255","255","253","253","0","0","0","0","255","255","255","0xfb","0x0","0x0","0x0","0x0","0xff","0xfdffff","0x0","0xf7","0xff","0xbf","0xf7"
"0xC4 Caelin","0x0","0x0","0xff","0xff","0xef","0xcd","0x0","0","0x0","0","-3","-1","-5","-1","0","0","0","0","255","191","254","222","4","0","0","0","231","255","255","223","0","0","0","0x0","0xff","0xff","0xf7","0xfd","0x80","0x0","0xfe4bfdff","0x0","0x0","0x0","0x0"
"0xC5 Lundgren","0xffff","0xffff","0x0","0x0","0x0","0x0","0xff","191","0xff","255","0","0","0","0","-1","-1","-17","-1","0","0","0","0","255","255","255","255","0","1","0","0","255","255","255","0xff","0x0","0x0","0x0","0x0","0xff","0xffffff","0x0","0xff","0xff","0xff","0xff"
"0xC6 Caelin","0x0","0x0","0xff","0xfb","0xff","0xff","0x0","0","0x0","0","-1","-1","-5","-1","0","0","0","0","255","255","255","239","0","0","0","0","247","255","255","255","0","0","0","0x0","0xff","0xff","0xef","0xff","0x0","0x0","0xffffffff","0x0","0x0","0x0","0x0"
"0xC7 Caelin","0xdfff","0xff9f","0x0","0x0","0x0","0x0","0xff","255","0xff","255","0","0","0","0","-1","-1","-33","-5","0","0","0","0","255","255","255","255","0","0","0","0","255","255","255","0xff","0x0","0x0","0x0","0x0","0xfe","0xfffbff","0x0","0xf7","0xff","0xff","0xff"
"0xC8 Caelin","0x0","0x0","0xef","0xff","0xff","0xff","0x0","0","0x0","0","127","-1","-8","-1","0","0","0","0","255","255","191","255","0","0","0","0","255","255","255","159","0","0","0","0x0","0xff","0x7f","0xff","0xff","0x0","0x0","0xffffffff","0x0","0x0","0x0","0x0"
"0xC9 Caelin","0xffff","0xcfff","0x0","0x0","0x0","0x0","0xff","255","0xfa","255","0","0","0","0","-1","-1","-1","-1","0","0","0","0","255","255","251","255","0","0","0","0","255","255","255","0xff","0x0","0x0","0x0","0x0","0xff","0xfdffff","0x40000","0xff","0xff","0xff","0xff"
"0xCA Caelin","0x0","0x0","0xff","0xff","0x7f","0xff","0x0","0","0x0","0","-1","-1","-1","-1","0","0","0","0","255","255","255","254","0","0","0","0","255","255","255","255","0","0","0","0x0","0xff","0xfe","0xff","0xbf","0x0","0x0","0xffffffff","0x0","0x0","0x0","0x0"
"0xCB Caelin","0xffff","0xffff","0x0","0x0","0x0","0x0","0xff","255","0xff","255","0","0","0","0","-17","-1","127","127","0","0","0","0","255","255","255","253","0","0","0","0","255","255","255","0x7f","0x0","0x0","0x0","0x0","0xff","0xffff6f","0x0","0xff","0xff","0xbe","0xff"
"0xCC Caelin","0x0","0x0","0xff","0xbf","0xdb","0xef","0x0","0","0x0","0","-1","-1","-2","-1","0","0","0","0","255","255","255","255","0","0","0","0","255","255","252","255","0","0","0","0x0","0xff","0xff","0xfe","0xff","0x0","0x0","0x7ffeffff","0x0","0x0","0x0","0x0"
"0xCD Tactician","0xefff","0xffff","0x0","0x0","0x0","0x0","0x7f","127","0xff","255","32","0","0","0","-67","-1","-17","-33","0","0","0","0","255","255","255","247","0","0","0","0","255","255","255","0xff","0x0","0x40","0x0","0x0","0xff","0xff7fff","0x0","0xff","0xff","0xff","0xff"
"0xCE Citizen/SoldierG","0x0","0x0","0xff","0xff","0x6f","0xff","0x0","0","0x0","0","127","-1","-1","-1","4","0","0","0","255","223","191","127","0","0","0","0","255","255","255","255","0","0","0","0x0","0xff","0xdf","0xed","0xff","0x0","0x0","0xfffdffff","0x0","0x0","0x0","0x0"
"0xCF Citizen/Soldier","0xffff","0xffff","0x0","0x0","0x0","0x0","0xff","255","0xbf","127","0","0","0","0","-1","-1","-9","-34","0","0","0","0","255","255","254","223","0","0","0","0","255","255","119","0xff","0x0","0x0","0x0","0x0","0xff","0xff7eff","0x0","0xff","0xff","0xfd","0xff"
"0xD0 Citizen","0x0","0x0","0xef","0xef","0xbf","0xdf","0x0","0","0x0","0","-1","-33","-1","-17","0","0","0","0","255","255","63","255","0","128","0","0","255","255","253","239","0","0","0","0x0","0xdf","0xff","0xff","0xff","0x0","0x0","0xffffffff","0x0","0x0","0x0","0x0"
"0xD1 Citizen","0xffff","0xffff","0x0","0x0","0x0","0x0","0xff","255","0x3f","255","0","0","0","0","-5","-1","-1","-1","0","0","0","0","255","255","251","255","0","0","0","0","255","255","255","0xff","0x0","0x0","0x0","0x0","0xff","0xffffff","0x4","0xff","0xff","0xf7","0xff"
"0xD2 Citizen","0x0","0x0","0xff","0xff","0xb7","0xff","0x0","0","0x0","0","-1","-1","-11","-1","0","0","0","0","255","255","151","255","0","0","0","0","255","255","191","255","8","0","0","0x0","0xff","0xff","0x7f","0xff","0x0","0x0","0xdfffffff","0x0","0x0","0x0","0x0"
"0xD3 Citizen","0xffff","0xffff","0x1","0x0","0x0","0x0","0xff","255","0xfd","191","0","0","0","0","-1","-1","-66","-1","0","0","0","0","255","255","127","255","0","0","0","0","255","255","159","0xfb","0x0","0x0","0x0","0x0","0xff","0xffffff","0x0","0xfe","0xff","0xdf","0xff"
"0xD4 Citizen","0x0","0x0","0xff","0xff","0xff","0xff","0x0","0","0x0","0","-65","-1","95","-1","0","0","0","0","255","255","235","254","0","0","0","0","239","255","255","255","0","0","0","0x0","0xff","0xff","0xef","0xff","0x0","0x0","0xfffdfff7","0x0","0x0","0x0","0x0"
"0xD5 Citizen","0xffff","0xbffd","0x0","0x0","0x0","0x0","0xff","255","0xff","255","0","0","0","0","-1","-1","-1","-1","0","0","0","0","255","223","255","239","0","0","0","0","255","255","255","0x7f","0x0","0x0","0x0","0x0","0xff","0xfff7ff","0x40","0xff","0xff","0xff","0xff"
"0xD6 Citizen","0x0","0x0","0xff","0xfb","0xef","0xff","0x0","0","0x0","0","-1","-1","127","-1","0","0","0","0","255","127","253","247","0","0","0","0","221","255","251","239","0","0","0","0x0","0xff","0xff","0xff","0x79","0x0","0x0","0xffffffff","0x0","0x0","0x0","0x0"
"0xD7 Merc","0xff7f","0xffbf","0x0","0x0","0x0","0x0","0xfb","255","0xf7","190","0","0","0","0","-1","-1","-1","-1","0","0","0","0","255","255","222","251","0","0","0","0","255","255","255","0xb7","0x0","0x0","0x0","0x0","0xff","0xfbffff","0x0","0xff","0xff","0xff","0xf2"
"0xD8 Pirate","0x0","0x0","0xff","0xff","0xf7","0xff","0x0","0","0x0","0","-1","-1","-34","-1","0","0","0","0","239","190","255","255","0","0","0","0","255","255","255","255","0","0","0","0x0","0xff","0xff","0xfb","0xff","0x0","0x0","0xfffbffff","0x0","0x40","0x0","0x0"
"0xD9 Bandit","0xffff","0xfffb","0x0","0x0","0x0","0x0","0xff","255","0xff","255","0","0","0","0","-1","-1","-3","-2","0","0","0","0","255","255","254","255","0","0","0","0","255","253","215","0xf7","0x20","0x0","0x0","0x0","0xff","0xfffdff","0x0","0xff","0xff","0xbf","0xef"
"0xDA Citizen","0x0","0x0","0xff","0xff","0xff","0xff","0x0","0","0x0","0","-1","-1","-33","-1","0","0","0","0","255","255","255","255","0","0","0","0","255","255","251","239","0","0","0","0x0","0xff","0xff","0xbd","0xff","0x0","0x0","0x67ffffbf","0x0","0x0","0x0","0x0"
"0xDB Citizen","0xffff","0xfff7","0x0","0x0","0x0","0x0","0xff","255","0xff","255","0","0","0","0","-1","-1","-1","-1","0","0","64","0","255","223","239","255","0","0","0","0","255","255","255","0xff","0x0","0x0","0x0","0x0","0xff","0xffffff","0x0","0xff","0xff","0xff","0xdf"
"0xDC Citizen","0x0","0x0","0xff","0xff","0x5f","0xff","0x0","0","0x0","0","-73","-1","-1","-74","0","0","0","0","255","255","255","255","0","0","0","0","255","255","251","255","0","0","0","0x0","0xff","0xff","0xff","0x7f","0x0","0x0","0xfffddfff","0x0","0x0","0x0","0x0"
"0xDD Black Fang","0xdfff","0xef6f","0x0","0x10","0x0","0x0","0xff","255","0xef","255","0","0","0","0","-1","-1","-2","127","0","0","0","0","255","255","255","255","0","0","0","0","255","255","255","0xbf","0x40","0x0","0x0","0x0","0xff","0xfd7fff","0x0","0xfe","0xff","0xeb","0xf7"
"0xDE Black Fang","0x0","0x0","0xff","0xff","0xff","0xdf","0x8","0","0x0","0","-1","-1","-1","-1","8","0","0","0","255","127","255","221","0","0","0","0","239","255","254","247","0","0","0","0x0","0xfb","0xff","0xff","0xff","0x0","0x0","0xffffffbf","0x0","0x0","0x0","0x0"
"0xDF Bandit","0xffff","0xffff","0x0","0x0","0x0","0x0","0xff","255","0xef","255","0","0","0","0","-1","-1","-33","-5","0","0","0","0","255","255","254","255","0","0","0","0","255","255","255","0xff","0x0","0x0","0x0","0x0","0xbf","0xffedff","0x0","0xef","0xff","0x7f","0xfd"
"0xE0 Black Fang","0x0","0x0","0xff","0xff","0xfd","0xf7","0x0","0","0x0","0","-1","-1","-1","-33","0","0","0","0","255","255","249","247","0","0","0","0","255","255","255","255","0","0","0","0x0","0xff","0xff","0xff","0xff","0x0","0x0","0xffffffff","0x0","0x0","0x0","0x0"
"0xE1 Morph","0xffff","0xffff","0x0","0x0","0x0","0x0","0xff","255","0xff","255","0","0","0","0","-1","-1","-1","127","0","0","0","0","255","255","191","255","0","0","0","0","191","255","223","0xff","0x0","0x0","0x0","0x0","0xf7","0xdffeff","0x400","0xff","0xff","0xff","0xff"
"0xE2 Black Fang","0x20","0x0","0xff","0xff","0xff","0xf7","0x0","32","0x0","0","-1","-1","-1","-1","0","0","0","0","255","247","255","127","0","0","0","0","255","255","247","255","0","0","0","0x0","0xff","0xff","0xff","0xff","0x0","0x0","0xdfffffff","0x0","0x0","0x0","0x0"
"0xE3 Black Fang","0xffbf","0xfffd","0x0","0x0","0x0","0x0","0xff","255","0xff","255","0","0","0","0","-1","-1","-1","127","0","0","0","0","255","255","255","255","0","0","0","0","255","255","255","0xff","0x0","0x0","0x0","0x0","0xbf","0xffefff","0x0","0xff","0xff","0xf7","0xfd"
"0xE4 Bandit","0x0","0x0","0xff","0xff","0xff","0x7f","0x0","0","0x0","0","-1","-5","-5","-1","0","0","0","0","255","255","255","255","0","0","0","0","255","255","255","255","0","0","0","0x0","0xff","0xff","0xff","0xfe","0x0","0x0","0xffbf6fff","0x0","0x0","0x0","0x0"
"0xE5 Ostia","0xffff","0xff6f","0x0","0x0","0x0","0x0","0xff","255","0xff","255","0","0","0","0","-2","-1","-1","-49","0","0","0","0","255","255","253","247","0","0","0","0","247","255","255","0xbf","0x0","0x0","0x0","0x0","0xff","0x7effff","0x0","0xff","0xff","0xef","0xfe"
"0xE6 Rath's unit","0x0","0x0","0xff","0xfd","0xfb","0xff","0x0","64","0x0","0","-1","-1","-1","-1","0","0","0","0","255","255","255","219","0","0","0","0","255","255","255","255","0","0","0","0x0","0xff","0xff","0xdf","0x1f","0x0","0x0","0xefffffff","0x0","0x0","0x0","0x0"
"0xE7 Bandit","0xffff","0xffff","0x0","0x0","0x0","0x0","0xff","255","0xff","255","0","0","0","0","-19","-1","127","-1","0","0","0","0","255","255","255","253","0","0","0","0","255","255","191","0xff","0x0","0x0","0x0","0x0","0xff","0xeff7ff","0x0","0xf9","0xff","0xf6","0xff"
"0xE8 Bandit","0x0","0x0","0xff","0xff","0xff","0x7f","0x0","0","0x0","0","-1","-1","-37","-1","0","0","0","0","255","255","255","255","0","0","0","0","255","255","126","239","0","0","0","0x0","0x7f","0xff","0xff","0x7f","0x0","0x0","0xf7fdffff","0x0","0x0","0x0","0x0"
"0xE9 Bern","0xffff","0xffff","0x0","0x0","0x0","0x0","0x7f","255","0xff","170","0","0","0","0","-1","-17","-9","-1","0","0","0","0","255","191","191","255","0","0","0","0","255","255","255","0xff","0x0","0x0","0x0","0x0","0xff","0xffffff","0x0","0xff","0xff","0xfe","0xfe"
"0xEA Guardian","0x0","0x0","0xff","0xff","0xff","0xfb","0x0","0","0x0","0","-1","-1","-1","-1","0","0","0","0","255","255","207","250","0","0","0","0","255","255","125","239","0","0","0","0x0","0xfe","0xff","0xd9","0xff","0x20","0x0","0xbfffffff","0x0","0x0","0x0","0x0"
"0xEB Morph","0x7bff","0xfffb","0x0","0x0","0x0","0x0","0xff","255","0xff","151","8","0","0","0","-1","-1","-5","-1","64","0","64","0","255","255","127","219","0","0","0","0","255","255","255","0xff","0x0","0x0","0x0","0x0","0xff","0xffffde","0x0","0xff","0xff","0xff","0xfb"
"0xEC Laus","0x0","0x0","0xff","0xff","0xff","0xff","0x0","0","0x0","0","-1","-1","-65","-1","-1","-1","-1","-1","255","255","255","255","255","255","255","255","253","255","255","255","255","255","255","0xbf","0xff","0xff","0xaf","0x9f","0xff","0xfff7ff","0xffffffff","0xff","0xff","0xfd","0xff"
"0xED Bandit","0xffff","0xffff","0xff","0xff","0xff","0xff","0xff","247","0x6f","253","-1","-1","-5","-1","-1","-1","-4","-2","255","255","191","111","255","223","255","255","251","223","255","255","255","255","255","0xff","0xff","0xff","0xff","0xff","0xff","0xffffff","0xffffffbf","0xff","0xff","0xfb","0xff"
"0xEE Bandit","0xffff","0x9bff","0xdf","0xff","0xdf","0xff","0xff","255","0xff","255","-1","-1","-1","-1","-1","-1","-1","-1","255","255","255","255","254","127","253","255","255","255","252","255","254","255","123","0xff","0xfe","0xff","0x7b","0xef","0xff","0xffffff","0xffffffff","0xff","0xfb","0xff","0xfd"
"0xEF Bern","0xffff","0xffff","0xff","0xff","0xff","0xff","0xff","255","0xbf","239","-1","-1","-34","-1","-1","-1","-1","-2","255","191","255","255","255","255","255","255","255","223","255","255","255","255","255","0xff","0xff","0xff","0x7f","0xff","0xff","0xdf7fff","0xffcfffff","0xff","0xff","0xed","0xf5"
"0xF0 Guardian","0xffff","0xfdff","0xfd","0xff","0xff","0xff","0xff","255","0xfd","255","-17","-1","-1","-1","-1","-1","-1","-17","255","255","247","253","255","255","247","253","255","255","187","255","191","249","255","0xff","0xff","0xff","0xff","0xff","0xff","0xfffffb","0x6f78fff7","0xff","0xff","0xf7","0xff"
"0xF1 Morph","0x7fff","0xffff","0xff","0xfe","0xff","0xbf","0xff","255","0xff","223","-1","-1","-1","-1","-1","-1","-1","-1","255","255","247","254","239","255","247","247","255","255","255","255","255","255","127","0xdf","0xff","0xff","0xff","0xff","0xff","0xfffdff","0xffffffff","0xff","0xff","0xff","0xff"
"0xF2 Guardian","0xfff7","0xdf6d","0xff","0xff","0xff","0xb7","0xff","247","0xf7","255","-1","-1","-1","127","-1","-1","-1","-49","255","255","255","230","255","255","255","255","255","255","255","255","255","247","255","0xff","0xff","0xff","0xff","0xdf","0xff","0xb7fbff","0xfefbffff","0xff","0xff","0xff","0xfd"
"0xF3 Black Fang","0xfffb","0xffff","0xff","0xff","0xff","0xff","0xff","255","0xff","255","-1","-1","-65","-81","-1","-1","-1","-1","255","255","255","230","255","255","254","255","255","255","127","251","255","255","63","0xff","0xff","0xff","0xff","0xfe","0xff","0xffffff","0xffbfbfdf","0xdf","0xff","0xcf","0xff"
"0xF4 Morph Lloyd","0xffff","0xff7f","0xff","0xff","0xdf","0x5f","0xff","255","0xbb","253","-1","-1","-3","-3","-1","-1","-1","-1","255","255","255","255","255","255","183","255","255","255","223","223","255","255","191","0xbe","0xff","0xfe","0xf7","0xff","0xff","0xffffff","0xfdfeffff","0xff","0xff","0xfd","0xff"
"0xF5 Morph Linus","0xffff","0xffff","0xff","0xff","0xa7","0xef","0xff","255","0xf7","239","-1","-35","-34","-1","-1","-1","-35","-1","251","255","127","190","255","255","251","255","255","255","255","255","255","255","255","0xff","0xff","0xff","0xff","0xfe","0xff","0xffffef","0xdefeffff","0x7f","0xff","0xff","0xfe"
"0xF6 Morph Brendan","0xffff","0x666e","0xff","0xff","0xcf","0xbf","0xff","255","0xef","255","-1","-1","-10","-5","-3","-1","-1","-1","255","255","255","223","255","255","239","255","255","255","127","126","255","255","255","0xff","0xff","0xff","0xff","0xdf","0xff","0xffffff","0x7fffffff","0xff","0xff","0xdf","0xff"
"0xF7 Morph Uhai","0xfff7","0xfdff","0xff","0xff","0xff","0xff","0xfd","223","0xfb","223","-1","-1","-9","-1","-1","-1","-1","-1","255","239","126","255","255","255","191","254","255","255","127","255","255","255","247","0xff","0xbf","0xff","0xff","0xff","0xff","0xdfffff","0xefffffff","0xff","0xff","0xff","0xff"
"0xF8 Morph Ursula","0xffff","0xffff","0xff","0xff","0xff","0xfd","0xf7","255","0xf7","255","-1","-1","-13","-1","-1","-1","-1","-1","255","255","255","255","255","255","255","255","127","255","255","255","223","111","239","0xff","0xbf","0xef","0xdf","0xff","0xff","0xff7fff","0xfdf7ffff","0xff","0xff","0xbf","0xff"
"0xF9 Morph Kenneth","0xffff","0xffdd","0xff","0xff","0xff","0xff","0xff","255","0xfd","255","-1","-33","-1","-1","-1","-1","-1","127","255","255","255","255","159","253","255","255","255","255","255","190","255","255","255","0xfe","0xff","0xff","0xff","0xff","0xff","0x7dffff","0xd7fffffd","0xfe","0xdf","0xb9","0xff"
"0xFA Morph Darin","0xffff","0xffff","0xff","0xff","0xbf","0xcf","0xff","255","0xff","254","-1","-3","-1","-37","-1","-1","-1","-1","239","253","255","223","255","223","255","255","255","247","255","255","255","255","255","0xff","0xff","0xff","0xff","0xff","0xff","0xfdffff","0xfd7fffff","0xff","0xff","0xff","0xfd"
"0xFB Enemy","0xffff","0xffbf","0xff","0xff","0x7f","0xfb","0xff","255","0xff","253","-1","-1","-33","-1","-1","-1","-41","-1","255","255","255","247","127","191","255","247","255","255","247","255","255","255","239","0xff","0xbf","0xfb","0xff","0xff","0xff","0xdfbfff","0xffdfffff","0xff","0xef","0xff","0xff"
"0xFC Wall","0xffff","0xdffb","0xff","0xff","0xfd","0xdf","0xff","255","0xfb","253","-1","-1","-17","-33","-1","-1","-1","-2","255","255","255","255","255","255","255","239","127","255","219","254","255","223","191","0xff","0xff","0xff","0xbf","0xff","0xff","0xffffff","0xffeefd7f","0xff","0xbf","0xff","0xff"
"0xFD Snag","0xffff","0xbfff","0xff","0xff","0xff","0xfe","0xff","255","0xff","255","-1","-3","-1","-17","-1","-1","127","-17","127","246","253","255","255","255","255","221","255","255","255","255","111","127","247","0xf3","0xff","0xff","0xff","0xff","0xfe","0xeffbff","0xffffffff","0xff","0xff","0xff","0xff"
