"0xbe015c","Name","Description","ID","Default Class Promoted From/To","Standing Map Anims","Move Speed","Generic Mug","Sort Order","HP","Atk","Skl","Spd","Def","Res","Con","Mov","HP Cap","Atk Cap","Skl Cap","Spd Cap","Def Cap","Res Cap","Con Cap","Class Relative Power","HP Growth","Atk Growth","Skl Growth","Spd Growth","Def Growth","Res Growth","Luck Growth","HP Promo Gain","Atk Promo Gain","Skl Promo Gain","Spd Promo Gain","Def Promo Gain","Res Promo Gain","CharClassAbility","Sword","Lance","Axe","Bow","Staff","Anima","Light","Dark","Battle Anims","Move Costs","Rain Move Costs","Snow Move Costs","Avo Bonus","Def Bonus","Res Bonus","Class Type"
"0x00 None","0x0","0x0","0x0","0x0","0x0","0x0","0x0","0x0","0","0","0","0","0","0","0","0","0","0","0","0","0","0","0","0","0","0","0","0","0","78","5","0","0","253","57","0","0","0x0","0","0","0","0","0","0","0","0","0x0","0x0","0x0","0x0","0x0","0x0","0x0","0x0"
"0x01 Eliwood Lord","0x48f","0x22c","0x1","0x7","0x0","0x0","0xd7","0x1","18","5","5","7","5","0","7","5","60","20","20","20","20","20","20","3","90","45","40","45","15","15","40","0","0","0","0","0","0","0x10002000","31","0","0","0","0","0","0","0","0x8c99058","0x8be3888","0x8be3cd9","0x8be40e9","0x8be44f9","0x8be453a","0x8be457b","0x0"
"0x02 Lyn Lord","0x490","0x22c","0x2","0x8","0x1","0x0","0xd7","0x1","16","4","7","9","2","0","5","5","60","20","20","20","20","20","20","3","90","45","40","45","15","20","40","0","0","0","0","0","0","0x40022000","31","0","0","0","0","0","0","0","0x8c99064","0x8be3888","0x8be3cd9","0x8be40e9","0x8be44f9","0x8be453a","0x8be457b","0x0"
"0x03 Hector Lord","0x48f","0x22c","0x3","0x9","0x2","0x0","0xd7","0x1","19","7","4","5","8","0","13","5","60","20","20","20","20","20","20","3","90","45","40","45","15","12","40","0","0","0","0","0","0","0x20002000","0","0","31","0","0","0","0","0","0x8c99070","0x8be3888","0x8be3cd9","0x8be40e9","0x8be44f9","0x8be453a","0x8be457b","0x0"
"0x04 Eliwood Lord Knight (only by class name)","0x491","0x22c","0x4","0x2a","0x0","0x0","0xcc","0x2","20","5","2","5","6","0","7","7","60","20","20","20","20","20","20","3","75","35","40","28","15","15","30","0","0","0","0","0","0","0x10000403","1","31","0","0","0","0","0","0","0x8c99084","0x8be3b12","0x8be3f63","0x8be4373","0x8be44f9","0x8be453a","0x8be457b","0x0"
"0x05 Lyn Blade Lord (only by class name)","0x493","0x22c","0x5","0x10","0x1","0x0","0xbe","0x2","16","4","9","9","2","0","5","5","60","20","20","20","20","20","20","3","70","35","40","40","15","20","30","0","0","0","0","0","0","0x40020000","31","0","0","0","0","0","0","0","0x8c99090","0x8be38c9","0x8be3d1a","0x8be412a","0x8be44f9","0x8be453a","0x8be457b","0x0"
"0x06 Hector Great Lord (only by class name)","0x492","0x22c","0x6","0x16","0x2","0x1","0xc2","0x2","17","5","2","0","9","0","13","4","60","20","20","20","20","20","20","3","80","40","35","15","28","12","25","0","0","0","0","0","0","0x20000000","31","0","31","0","0","0","0","0","0x8c9909c","0x8be390a","0x8be3d5b","0x8be416b","0x8be44f9","0x8be453a","0x8be457b","0x0"
"0x07 Eliwood Lord Knight","0x491","0x22d","0x7","0x1","0x3","0x0","0xd7","0x2","18","3","3","4","5","0","9","7","60","27","26","24","23","25","25","3","90","45","40","45","15","15","40","4","2","0","1","1","3","0x10002503","31","31","0","0","0","0","0","0","0x8c990b0","0x8be3b53","0x8be3fa4","0x8be43b4","0x8be44f9","0x8be453a","0x8be457b","0x0"
"0x08 Lyn Blade Lord","0x493","0x22f","0x8","0x2","0x4","0x0","0xd7","0x2","18","3","3","4","5","0","6","6","60","24","29","30","22","22","25","3","90","45","40","45","15","12","40","3","2","2","0","3","5","0x40020100","31","0","0","31","0","0","0","0","0x8c990c4","0x8be3888","0x8be3cd9","0x8be40e9","0x8be44f9","0x8be453a","0x8be457b","0x0"
"0x09 Hector Great Lord","0x492","0x22e","0x9","0x3","0x5","0x0","0xd7","0x2","18","3","3","4","5","0","15","5","60","30","24","24","29","20","25","3","90","45","40","45","15","20","40","3","0","2","3","1","5","0x20000100","31","0","31","0","0","0","0","0","0x8c990d8","0x8be390a","0x8be3d5b","0x8be416b","0x8be44f9","0x8be453a","0x8be457b","0x0"
"0x0A Mercenary","0x494","0x238","0xa","0xc","0x6","0x0","0xdc","0x3","18","4","8","8","4","0","9","5","60","20","20","20","20","20","20","3","80","40","40","32","18","20","30","0","0","0","0","0","0","0x0","31","0","0","0","0","0","0","0","0x8c990f4","0x8be38c9","0x8be3d1a","0x8be412a","0x8be44f9","0x8be453a","0x8be457b","0x0"
"0x0B Mercenary","0x495","0x238","0xb","0xd","0x7","0x0","0xdc","0x0","16","3","5","6","2","0","8","5","60","20","20","20","20","20","20","3","80","40","40","32","18","30","30","0","0","0","0","0","0","0x0","31","0","0","0","0","0","0","0","0x0","0x8be38c9","0x8be3d1a","0x8be412a","0x8be44f9","0x8be453a","0x8be457b","0x0"
"0x0C Hero","0x496","0x246","0xc","0xa","0x8","0x0","0xdd","0x4","22","6","9","10","8","2","10","6","60","25","30","26","25","22","20","3","75","30","30","20","20","20","25","4","0","2","2","2","2","0x100","71","0","1","0","0","0","0","0","0x8c99100","0x8be3888","0x8be3cd9","0x8be40e9","0x8be44f9","0x8be453a","0x8be457b","0x0"
"0x0D Hero","0x497","0x246","0xd","0xb","0x9","0x0","0xdd","0x5","22","6","10","11","6","3","9","6","60","24","30","26","24","24","25","3","75","30","30","20","20","20","25","0","0","0","0","0","0","0x100","71","0","1","0","0","0","0","0","0x8c99118","0x8be3888","0x8be3cd9","0x8be40e9","0x8be44f9","0x8be453a","0x8be457b","0x0"
"0x0E Myrmidon","0x498","0x23b","0xe","0x10","0xa","0x0","0xbe","0x6","16","4","9","9","2","0","8","5","60","20","20","20","20","20","20","3","70","35","40","40","15","20","30","0","0","0","0","0","0","0x20000","31","0","0","0","0","0","0","0","0x8c99130","0x8be38c9","0x8be3d1a","0x8be412a","0x8be44f9","0x8be453a","0x8be457b","0x0"
"0x0F Myrmidon","0x499","0x23b","0xf","0x11","0xb","0x0","0xbe","0x7","15","3","9","10","1","1","5","5","60","20","20","20","20","20","20","3","70","35","40","40","15","20","30","0","0","0","0","0","0","0x20000","31","0","0","0","0","0","0","0","0x8c9913c","0x8be38c9","0x8be3d1a","0x8be412a","0x8be44f9","0x8be453a","0x8be457b","0x0"
"0x10 Swordmaster","0x49a","0x24c","0x10","0xe","0xc","0x0","0xbf","0x8","21","6","11","10","5","2","9","6","60","24","29","30","22","23","25","3","65","25","30","30","15","22","25","5","2","0","0","2","1","0x20140","71","0","0","0","0","0","0","0","0x8c99148","0x8be3888","0x8be3cd9","0x8be40e9","0x8be44f9","0x8be453a","0x8be457b","0x0"
"0x11 Swordmaster","0x49b","0x24c","0x11","0xf","0xd","0x0","0xbf","0x9","19","6","11","12","4","3","7","6","60","22","29","30","22","25","25","3","65","25","30","30","15","22","25","5","2","0","0","2","1","0x20140","71","0","0","0","0","0","0","0","0x8c99154","0x8be3888","0x8be3cd9","0x8be40e9","0x8be44f9","0x8be453a","0x8be457b","0x0"
"0x12 Fighter","0x49c","0x239","0x12","0x13","0xe","0x0","0xc0","0xa","20","5","2","4","2","0","11","5","60","20","20","20","20","20","20","3","85","55","35","30","15","15","15","0","0","0","0","0","0","0x0","0","0","31","0","0","0","0","0","0x8c99160","0x8be394b","0x8be3d9c","0x8be41ac","0x8be44f9","0x8be453a","0x8be457b","0x0"
"0x13 Warrior","0x49d","0x247","0x13","0x12","0xf","0x0","0xc1","0xb","28","8","5","6","5","0","13","6","60","30","28","26","26","22","20","3","80","45","25","20","16","17","15","3","1","2","0","3","3","0x100","0","0","71","1","0","0","0","0","0x8c99174","0x8be394b","0x8be3d9c","0x8be41ac","0x8be44f9","0x8be453a","0x8be457b","0x0"
"0x14 Knight","0x49e","0x233","0x14","0x16","0x10","0x1","0xc2","0xc","17","5","2","0","9","0","13","4","60","20","20","20","20","20","20","3","80","40","30","15","28","20","25","0","0","0","0","0","0","0x0","0","31","0","0","0","0","0","0","0x8c9918c","0x8be390a","0x8be3d5b","0x8be416b","0x8be44f9","0x8be453a","0x8be457b","0x0"
"0x15 Knight","0x49f","0x233","0x15","0x17","0x10","0x1","0xc2","0xd","16","4","3","1","8","1","10","4","60","20","20","20","20","20","20","3","80","40","30","15","28","20","25","0","0","0","0","0","0","0x0","0","31","0","0","0","0","0","0","0x8c99198","0x8be390a","0x8be3d5b","0x8be416b","0x8be44f9","0x8be453a","0x8be457b","0x0"
"0x16 General","0x4a0","0x254","0x16","0x14","0x11","0x1","0xc3","0xe","21","8","4","3","13","3","15","5","60","29","27","24","30","25","20","3","75","30","20","10","23","25","20","4","2","2","3","2","3","0x100","0","71","1","0","0","0","0","0","0x8c991a4","0x8be390a","0x8be3d5b","0x8be416b","0x8be44f9","0x8be453a","0x8be457b","0x0"
"0x17 General","0x4a1","0x254","0x17","0x15","0x11","0x1","0xc3","0xf","20","8","5","5","11","4","11","5","60","25","25","22","30","26","20","3","75","30","25","10","23","25","20","0","0","0","0","0","0","0x100","0","71","1","0","0","0","0","0","0x8c991bc","0x8be390a","0x8be3d5b","0x8be416b","0x8be44f9","0x8be453a","0x8be457b","0x0"
"0x18 Archer","0x4a2","0x232","0x18","0x1a","0x12","0x0","0xc4","0x10","18","4","3","3","3","0","7","5","60","20","20","20","20","20","20","3","70","35","40","32","15","15","35","0","0","0","0","0","0","0x80","0","0","0","31","0","0","0","0","0x8c991d4","0x8be38c9","0x8be3d1a","0x8be412a","0x8be44f9","0x8be453a","0x8be457b","0x0"
"0x19 Archer","0x4a3","0x232","0x19","0x1b","0x13","0x0","0xc4","0x11","17","3","3","4","3","0","5","5","60","20","20","20","20","20","20","3","70","35","40","32","15","20","35","0","0","0","0","0","0","0x80","0","0","0","31","0","0","0","0","0x8c991ec","0x8be38c9","0x8be3d1a","0x8be412a","0x8be44f9","0x8be453a","0x8be457b","0x0"
"0x1A Sniper","0x4a4","0x253","0x1a","0x18","0x14","0x0","0xc5","0x12","21","7","6","5","5","2","8","6","60","25","30","28","25","23","20","3","65","30","30","20","15","20","30","3","1","2","2","2","3","0x180","0","0","0","71","0","0","0","0","0x8c99204","0x8be3888","0x8be3cd9","0x8be40e9","0x8be44f9","0x8be453a","0x8be457b","0x0"
"0x1B Sniper","0x4a5","0x253","0x1b","0x19","0x15","0x0","0xc5","0x13","19","6","6","7","5","3","6","6","60","24","30","29","24","24","20","3","65","30","30","20","15","25","30","4","3","1","1","2","2","0x180","0","0","0","71","0","0","0","0","0x8c9921c","0x8be3888","0x8be3cd9","0x8be40e9","0x8be44f9","0x8be453a","0x8be457b","0x0"
"0x1C Monk","0x4a6","0x234","0x1c","0x1e","0x16","0x0","0xc6","0x14","18","1","1","2","1","5","6","5","60","20","20","20","20","20","20","3","50","30","35","32","8","40","45","0","0","0","0","0","0","0x0","0","0","0","0","0","0","1","0","0x8c99234","0x8be3a90","0x8be3ee1","0x8be42f1","0x8be44f9","0x8be453a","0x8be457b","0x8be4742"
"0x1D Cleric","0x4a7","0x235","0x1d","0x1f","0x17","0x0","0xc6","0x15","16","1","2","2","0","6","4","5","60","20","20","20","20","20","20","2","50","30","35","32","8","50","45","0","0","0","0","0","0","0x0","0","0","0","0","31","0","0","0","0x8c99248","0x8be3a90","0x8be3ee1","0x8be42f1","0x8be44f9","0x8be453a","0x8be457b","0x8be4742"
"0x1E Bishop","0x4a8","0x251","0x1e","0x1c","0x18","0x0","0xc7","0x16","21","4","4","4","3","8","7","6","60","25","26","24","22","30","25","3","45","35","25","22","8","40","40","3","2","1","0","3","2","0x100","0","0","0","0","71","0","31","0","0x8c99254","0x8be3a90","0x8be3ee1","0x8be42f1","0x8be44f9","0x8be453a","0x8be457b","0x8be4742"
"0x1F Bishop","0x4a9","0x251","0x1f","0x1d","0x19","0x0","0xc7","0x17","19","4","5","4","2","9","5","6","60","25","25","26","21","30","25","3","45","35","25","22","8","50","40","3","1","2","1","2","2","0x100","0","0","0","0","71","0","31","0","0x8c9926c","0x8be3a90","0x8be3ee1","0x8be42f1","0x8be44f9","0x8be453a","0x8be457b","0x8be4742"
"0x20 Mage","0x4aa","0x23c","0x20","0x22","0x1a","0x0","0xc8","0x18","16","1","2","3","3","3","6","5","60","20","20","20","20","20","20","3","55","55","40","35","5","30","20","0","0","0","0","0","0","0x0","0","0","0","0","0","31","0","0","0x8c99284","0x8be3a90","0x8be3ee1","0x8be42f1","0x8be44f9","0x8be453a","0x8be457b","0x0"
"0x21 Mage","0x4ab","0x23c","0x21","0x23","0x1b","0x0","0xc8","0x19","16","1","3","2","2","4","3","5","60","20","20","20","20","20","20","3","55","55","40","35","5","40","20","0","0","0","0","0","0","0x0","0","0","0","0","0","31","0","0","0x8c99298","0x8be3a90","0x8be3ee1","0x8be42f1","0x8be44f9","0x8be453a","0x8be457b","0x0"
"0x22 Sage","0x4ac","0x24e","0x22","0x20","0x1c","0x0","0xc9","0x1a","20","5","4","4","5","5","7","6","60","28","30","26","21","25","20","3","45","45","30","25","10","40","15","4","1","0","0","3","3","0x100","0","0","0","0","1","71","0","0","0x8c992ac","0x8be3a90","0x8be3ee1","0x8be42f1","0x8be44f9","0x8be453a","0x8be457b","0x0"
"0x23 Sage","0x4ad","0x24e","0x23","0x21","0x1d","0x0","0xc9","0x1b","19","4","6","5","3","6","4","6","60","30","28","26","21","25","20","3","45","45","30","25","10","40","15","3","1","1","0","3","3","0x100","0","0","0","0","1","71","0","0","0x8c992c4","0x8be3a90","0x8be3ee1","0x8be42f1","0x8be44f9","0x8be453a","0x8be457b","0x0"
"0x24 Shaman","0x4ae","0x241","0x24","0x26","0x1e","0x1","0xca","0x1c","16","2","1","2","2","4","7","5","60","20","20","20","20","20","20","3","50","50","32","30","10","30","20","0","0","0","0","0","0","0x0","0","0","0","0","0","0","0","31","0x8c992dc","0x8be3a90","0x8be3ee1","0x8be42f1","0x8be44f9","0x8be453a","0x8be457b","0x0"
"0x25 Shaman","0x4af","0x241","0x25","0x27","0x1f","0x1","0xca","0x1d","15","3","1","1","1","5","3","5","60","20","20","20","20","20","20","3","50","45","32","30","10","40","20","0","0","0","0","0","0","0x0","0","0","0","0","0","0","0","31","0x8c992f0","0x8be3a90","0x8be3ee1","0x8be42f1","0x8be44f9","0x8be453a","0x8be457b","0x0"
"0x26 Druid","0x4b0","0x248","0x26","0x24","0x20","0x1","0xcb","0x1e","19","6","3","4","4","6","8","6","60","29","26","26","21","28","20","3","45","55","30","25","10","35","20","4","0","0","3","2","2","0x100","0","0","0","0","1","0","0","71","0x8c99304","0x8be3a90","0x8be3ee1","0x8be42f1","0x8be44f9","0x8be453a","0x8be457b","0x0"
"0x27 Druid","0x4b1","0x248","0x27","0x25","0x21","0x1","0xcb","0x1f","17","7","3","4","3","7","4","6","60","29","26","26","20","29","20","3","45","55","30","25","10","35","20","0","0","0","0","0","0","0x100","0","0","0","0","1","0","0","71","0x8c9931c","0x8be3a90","0x8be3ee1","0x8be42f1","0x8be44f9","0x8be453a","0x8be457b","0x0"
"0x28 Cavalier","0x4b3","0x230","0x28","0x2a","0x22","0x0","0xcc","0x20","20","5","2","5","6","0","9","7","60","20","20","20","20","20","20","3","75","35","40","28","15","15","30","0","0","0","0","0","0","0x403","1","1","0","0","0","0","0","0","0x8c99334","0x8be3b12","0x8be3f63","0x8be4373","0x8be44f9","0x8be453a","0x8be457b","0x0"
"0x29 Cavalier","0x4b4","0x230","0x29","0x2b","0x22","0x0","0xcc","0x0","18","5","3","3","6","0","9","7","60","20","20","20","20","20","20","3","75","35","40","28","15","15","30","0","0","0","0","0","0","0x403","31","1","0","0","0","0","0","0","0x8c99344","0x8be3b12","0x8be3f63","0x8be4373","0x8be44f9","0x8be453a","0x8be457b","0x0"
"0x2A Paladin","0x4b5","0x231","0x2a","0x28","0x23","0x0","0xcd","0x21","23","7","4","7","8","3","11","8","60","25","26","24","25","25","25","3","70","25","30","18","12","20","25","2","1","1","1","2","1","0x503","31","31","1","0","0","0","0","0","0x8c99354","0x8be3b53","0x8be3fa4","0x8be43b4","0x8be44f9","0x8be453a","0x8be457b","0x0"
"0x2B Paladin","0x4b6","0x231","0x2b","0x29","0x23","0x0","0xcd","0x0","23","6","6","11","7","6","9","8","60","23","27","25","24","26","25","3","70","25","35","25","12","25","25","2","1","1","1","2","1","0x503","31","31","1","0","0","0","0","0","0x8c99370","0x8be3b53","0x8be3fa4","0x8be43b4","0x8be44f9","0x8be453a","0x8be457b","0x0"
"0x2C Troubadour","0x4b7","0x23a","0x2c","0x2d","0x24","0x0","0xce","0x22","15","1","1","3","2","5","5","7","60","20","20","20","20","20","20","2","50","25","35","55","12","40","45","0","0","0","0","0","0","0x403","0","0","0","0","31","0","0","0","0x8c9938c","0x8be3b12","0x8be3f63","0x8be4373","0x8be44f9","0x8be453a","0x8be457b","0x0"
"0x2D Valkyrie","0x4b8","0x24a","0x2d","0x2c","0x25","0x0","0xcf","0x23","19","4","3","5","4","8","6","8","60","25","24","25","24","28","25","3","45","35","25","45","10","40","40","3","2","1","0","2","3","0x503","0","0","0","0","71","1","0","0","0x8c99398","0x8be3b53","0x8be3fa4","0x8be43b4","0x8be44f9","0x8be453a","0x8be457b","0x0"
"0x2E Nomad","0x4b9","0x23d","0x2e","0x30","0x26","0x0","0xd0","0x24","16","5","4","5","4","0","7","7","60","20","20","20","20","20","20","3","65","30","40","45","12","15","30","0","0","0","0","0","0","0x403","0","0","0","31","0","0","0","0","0x8c993b0","0x8be3b94","0x8be3fe5","0x8be43f5","0x8be44f9","0x8be453a","0x8be457b","0x0"
"0x2F Nomad","0x4ba","0x23d","0x2f","0x31","0x27","0x0","0xd0","0x25","15","4","5","6","3","0","5","7","60","20","20","20","20","20","20","3","65","30","40","45","12","15","30","0","0","0","0","0","0","0x403","0","0","0","31","0","0","0","0","0x8c993bc","0x8be3b94","0x8be3fe5","0x8be43f5","0x8be44f9","0x8be453a","0x8be457b","0x0"
"0x30 Nomad Trooper","0x4bb","0x252","0x30","0x2e","0x28","0x0","0xd1","0x26","21","7","6","7","6","3","8","8","60","25","28","30","24","23","20","3","60","25","30","35","15","15","25","3","2","1","1","3","3","0x503","1","0","0","71","0","0","0","0","0x8c993c8","0x8be3bd5","0x8be4026","0x8be4436","0x8be44f9","0x8be453a","0x8be457b","0x0"
"0x31 Nomad Trooper","0x4bc","0x252","0x31","0x2f","0x29","0x0","0xd1","0x27","21","6","6","7","5","4","6","8","60","23","28","30","22","25","20","3","60","25","30","35","15","20","25","0","0","0","0","0","0","0x503","1","0","0","71","0","0","0","0","0x8c993d8","0x8be3bd5","0x8be4026","0x8be4436","0x8be44f9","0x8be453a","0x8be457b","0x0"
"0x32 Pegasus Knight","0x4bd","0x244","0x32","0x33","0x2a","0x0","0xd2","0x28","14","4","5","5","3","2","5","7","60","20","20","20","20","20","20","3","65","35","40","40","12","35","35","0","0","0","0","0","0","0x1003","0","31","0","0","0","0","0","0","0x8c993e8","0x8be3c16","0x8be4067","0x8be4477","0x8be45bc","0x8be45fd","0x8be463e","0x0"
"0x33 Falcon Knight","0x4be","0x24b","0x33","0x32","0x2b","0x0","0xd3","0x29","20","6","7","7","5","4","6","8","60","23","25","28","23","26","25","3","60","30","30","30","12","30","30","5","2","0","0","2","2","0x1103","1","71","0","0","0","0","0","0","0x8c993f4","0x8be3c16","0x8be4067","0x8be4477","0x8be45bc","0x8be45fd","0x8be463e","0x0"
"0x34 Wyvern Knight","0x4bf","0x245","0x34","0x36","0x2c","0x0","0xd4","0x2a","20","7","3","5","8","0","10","7","60","20","20","20","20","20","20","3","80","45","35","30","25","15","25","0","0","0","0","0","0","0x803","0","31","0","0","0","0","0","0","0x8c99404","0x8be3c16","0x8be4067","0x8be4477","0x8be45bc","0x8be45fd","0x8be463e","0x0"
"0x35 Wyvern Knight","0x4c0","0x245","0x35","0x37","0x2c","0x0","0xd4","0x2b","19","6","5","5","7","0","9","7","60","20","20","20","20","20","20","3","80","45","35","30","25","17","25","0","0","0","0","0","0","0x803","0","31","0","0","0","0","0","0","0x8c99410","0x8be3c16","0x8be4067","0x8be4477","0x8be45bc","0x8be45fd","0x8be463e","0x0"
"0x36 Wyvern Lord","0x4c1","0x255","0x36","0x34","0x2d","0x0","0xd5","0x2c","25","9","5","7","10","1","11","8","60","27","25","23","28","22","25","3","75","40","30","20","20","17","20","4","0","2","2","0","2","0x903","1","71","0","0","0","0","0","0","0x8c9941c","0x8be3c16","0x8be4067","0x8be4477","0x8be45bc","0x8be45fd","0x8be463e","0x0"
"0x37 Wyvern Lord","0x4c2","0x255","0x37","0x35","0x2d","0x0","0xd5","0x2d","24","8","7","7","9","2","10","8","60","25","26","24","27","23","25","3","75","40","30","20","20","17","20","0","0","0","0","0","0","0x903","1","71","0","0","0","0","0","0","0x8c9942c","0x8be3c16","0x8be4067","0x8be4477","0x8be45bc","0x8be45fd","0x8be463e","0x0"
"0x38 Soldier","0x4c3","0x25a","0x38","0x0","0x2e","0x0","0xd6","0x2e","20","3","0","1","0","0","6","5","60","20","20","20","20","20","20","2","80","50","30","20","12","15","25","0","0","0","0","0","0","0x0","0","1","0","0","0","0","0","0","0x8c9943c","0x8be38c9","0x8be3d1a","0x8be412a","0x8be44f9","0x8be453a","0x8be457b","0x0"
"0x39 Brigand","0x4c4","0x23e","0x39","0x3b","0x2f","0x0","0xd7","0x2f","20","5","1","5","3","0","12","5","60","20","20","20","20","20","20","3","82","50","30","20","10","13","15","0","0","0","0","0","0","0x0","0","0","31","0","0","0","0","0","0x8c99448","0x8be39cd","0x8be3e1e","0x8be422e","0x8be44f9","0x8be453a","0x8be457b","0x8be467f"
"0x3A Pirate","0x4c5","0x23f","0x3a","0x3b","0x30","0x0","0xd8","0x30","19","4","2","6","3","0","10","5","60","20","20","20","20","20","20","3","75","50","35","25","10","13","15","0","0","0","0","0","0","0x0","0","0","31","0","0","0","0","0","0x8c9945c","0x8be3a0e","0x8be3e5f","0x8be426f","0x8be44f9","0x8be453a","0x8be457b","0x8be46c0"
"0x3B Berserker","0x4c7","0x24d","0x3b","0x39","0x31","0x0","0xd9","0x31","24","7","6","7","6","0","13","6","60","30","29","28","23","21","20","3","75","50","35","25","10","13","15","4","1","1","1","2","2","0x140","0","0","71","0","0","0","0","0","0x8c99470","0x8be398c","0x8be3ddd","0x8be41ed","0x8be44f9","0x8be453a","0x8be457b","0x8be4701"
"0x3C Thief","0x4c8","0x236","0x3c","0x3e","0x32","0x0","0xda","0x32","16","3","1","9","2","0","6","6","60","20","20","20","20","20","20","2","50","5","45","40","5","20","40","0","0","0","0","0","0","0xc","1","0","0","0","0","0","0","0","0x8c99484","0x8be3a4f","0x8be3ea0","0x8be42b0","0x8be44f9","0x8be453a","0x8be457b","0x0"
"0x3D Thief","0x4c9","0x236","0x3d","0x0","0x33","0x0","0xda","0x33","15","2","3","8","1","2","5","6","60","20","20","20","20","20","20","2","45","5","45","40","5","25","40","0","0","0","0","0","0","0xc","1","0","0","0","0","0","0","0","0x8c99490","0x8be3a4f","0x8be3ea0","0x8be42b0","0x8be44f9","0x8be453a","0x8be457b","0x0"
"0x3E Assassin","0x4ca","0x237","0x3e","0x3c","0x34","0x0","0xda","0x34","16","3","1","9","2","0","6","6","60","20","30","30","20","20","20","3","50","5","45","40","5","20","40","3","1","0","0","2","2","0x2000108","1","0","0","0","0","0","0","0","0x8c9949c","0x8be3a4f","0x8be3ea0","0x8be42b0","0x8be44f9","0x8be453a","0x8be457b","0x0"
"0x3F Civilian","0x4d2","0x258","0x3f","0x0","0x35","0x0","0xb8","0x0","10","0","0","0","0","0","6","5","60","20","20","20","20","20","20","1","10","0","0","0","0","10","0","0","0","0","0","0","0","0x0","0","0","0","0","0","0","0","0","0x0","0x8be3ad1","0x8be3f22","0x8be4332","0x8be44f9","0x8be453a","0x8be457b","0x0"
"0x40 Dancer","0x4cc","0x243","0x40","0x0","0x36","0x0","0xd7","0x36","14","1","2","7","0","1","4","5","60","10","10","30","24","26","20","2","45","45","30","60","0","13","70","0","0","0","0","0","0","0x10","0","0","0","0","0","0","0","0","0x8c994a8","0x8be38c9","0x8be3d1a","0x8be412a","0x8be44f9","0x8be453a","0x8be457b","0x0"
"0x41 Bard","0x4cd","0x242","0x41","0x0","0x37","0x0","0xd7","0x37","14","1","2","7","1","0","3","5","60","10","10","30","24","26","20","2","45","45","30","60","0","13","70","0","0","0","0","0","0","0x20","0","0","0","0","0","0","0","0","0x8c994cc","0x8be38c9","0x8be3d1a","0x8be412a","0x8be44f9","0x8be453a","0x8be457b","0x0"
"0x42 Archsage","0x4ce","0x24f","0x42","0x20","0x38","0x0","0xc9","0x38","40","30","24","20","20","28","9","6","60","30","30","25","20","30","20","3","45","45","30","25","10","35","15","0","0","0","0","0","0","0x80000100","0","0","0","0","251","251","251","251","0x8c994f0","0x8be3a90","0x8be3ee1","0x8be42f1","0x8be44f9","0x8be453a","0x8be457b","0x0"
"0x43 Magic Seal","0x4cf","0x250","0x43","0x0","0x39","0x0","0xc9","0x39","50","0","0","24","13","0","7","6","60","28","30","25","20","25","20","3","45","45","30","25","10","35","15","0","0","0","0","0","0","0x4000000","0","0","0","0","0","0","0","0","0x0","0x8be3a90","0x8be3ee1","0x8be42f1","0x8be44f9","0x8be453a","0x8be457b","0x0"
"0x44 Transporter","0x4db","0x259","0x44","0x59","0x3a","0x1","0x4a","0x3a","15","0","3","3","3","0","25","0","60","20","20","20","20","20","25","1","10","0","0","0","0","10","0","0","0","0","0","0","0","0x100200","0","0","0","0","0","0","0","0","0x8c99508","0x8be3ad1","0x8be3f22","0x8be4332","0x8be44f9","0x8be453a","0x8be457b","0x0"
"0x45 Transporter","0x4b2","0x249","0x45","0x24","0x3b","0x1","0xcb","0x1e","75","30","18","15","28","30","10","6","80","30","25","25","30","30","25","3","45","55","30","25","10","35","20","0","0","0","0","0","0","0x100","0","0","0","0","251","251","251","251","0x8c99510","0x8be3a90","0x8be3ee1","0x8be42f1","0x8be44f9","0x8be453a","0x8be457b","0x0"
"0x46 Fire Dragon","0x4d0","0x256","0x46","0x0","0x3c","0x0","0xde","0x0","120","17","25","15","20","30","25","8","127","30","30","30","30","30","25","5","95","40","30","20","0","20","25","0","0","0","0","0","0","0x40000","0","0","0","0","0","0","0","0","0x8c99528","0x8be3c57","0x8be3c57","0x8be3c57","0x8be44f9","0x8be453a","0x8be457b","0x0"
"0x47 Civilian","0x4d1","0x258","0x47","0x0","0x3d","0x1","0xb9","0x0","10","0","0","0","0","0","7","5","60","20","20","20","20","20","20","1","10","0","0","0","0","10","0","0","0","0","0","0","0","0x0","0","0","0","0","0","0","0","0","0x0","0x8be3ad1","0x8be3f22","0x8be4332","0x8be44f9","0x8be453a","0x8be457b","0x0"
"0x48 Civilian (F)","0x4d2","0x258","0x48","0x0","0x3e","0x0","0xb8","0x0","10","0","0","0","0","0","25","5","60","20","20","20","20","20","20","1","10","0","0","0","0","10","0","0","0","0","0","0","0","0x0","0","0","0","0","0","0","0","0","0x0","0x8be3ad1","0x8be3f22","0x8be4332","0x8be44f9","0x8be453a","0x8be457b","0x0"
"0x49 Child","0x4d3","0x258","0x49","0x0","0x3f","0x1","0xb3","0x0","10","0","0","0","0","0","25","5","60","20","20","20","20","20","20","1","10","0","0","0","0","10","0","0","0","0","0","0","0","0x0","0","0","0","0","0","0","0","0","0x0","0x8be3ad1","0x8be3f22","0x8be4332","0x8be44f9","0x8be453a","0x8be457b","0x0"
"0x4A Brammimond","0x4d6","0x0","0x4a","0x0","0x40","0x1","0xb5","0x0","35","30","25","19","18","30","6","5","60","30","30","25","20","30","20","1","10","0","0","0","0","10","0","0","0","0","0","0","0","0x0","0","0","0","0","0","0","0","0","0x0","0x8be3ad1","0x8be3f22","0x8be4332","0x8be44f9","0x8be453a","0x8be457b","0x0"
"0x4B Peer","0x4d7","0x0","0x4b","0x0","0x41","0x1","0xb3","0x0","10","0","0","0","0","0","8","5","60","20","20","20","20","20","20","1","10","0","0","0","0","10","0","0","0","0","0","0","0","0x0","0","0","0","0","0","0","0","0","0x0","0x8be3ad1","0x8be3f22","0x8be4332","0x8be44f9","0x8be453a","0x8be457b","0x0"
"0x4C Peer (F)","0x4d8","0x0","0x4c","0x0","0x42","0x1","0xb3","0x0","10","0","0","0","0","0","5","5","60","20","20","20","20","20","20","1","10","0","0","0","0","10","0","0","0","0","0","0","0","0x0","0","0","0","0","0","0","0","0","0x0","0x8be3ad1","0x8be3f22","0x8be4332","0x8be44f9","0x8be453a","0x8be457b","0x0"
"0x4D Prince","0x4d9","0x257","0x4d","0x0","0x43","0x1","0xb3","0x0","10","0","0","0","0","0","7","5","60","20","20","20","20","20","20","1","10","0","0","0","0","10","0","0","0","0","0","0","0","0x0","181","0","0","0","0","0","0","0","0x0","0x8be3ad1","0x8be3f22","0x8be4332","0x8be44f9","0x8be453a","0x8be457b","0x0"
"0x4E Queen","0x4da","0x0","0x4e","0x0","0x44","0x1","0xb3","0x0","10","0","0","0","0","0","1","5","60","20","20","20","20","20","20","1","10","0","0","0","0","10","0","0","0","0","0","0","0","0x0","0","0","0","0","0","0","0","0","0x0","0x8be3ad1","0x8be3f22","0x8be4332","0x8be44f9","0x8be453a","0x8be457b","0x0"
"0x4F Hung Leila","0x4d2","0x258","0x4f","0x0","0x45","0x0","0xb8","0x0","10","0","0","0","0","0","6","5","60","20","20","20","20","20","20","1","10","0","0","0","0","10","0","0","0","0","0","0","0","0x0","0","0","0","0","0","0","0","0","0x0","0x8be3ad1","0x8be3f22","0x8be4332","0x8be44f9","0x8be453a","0x8be457b","0x0"
"0x50 Corsair","0x4c6","0x240","0x50","0x3b","0x30","0x0","0xd8","0x30","19","4","2","6","3","0","10","5","60","20","20","20","20","20","20","3","75","50","35","25","10","13","15","0","0","0","0","0","0","0x0","0","0","31","0","0","0","0","0","0x8c99534","0x8be3a0e","0x8be3e5f","0x8be426f","0x8be44f9","0x8be453a","0x8be457b","0x8be46c0"
"0x51 Prince (Tactician)","0x4d9","0x0","0x51","0x0","0x46","0x1","0xb3","0x0","10","0","0","0","0","0","1","5","60","20","20","20","20","20","20","1","10","0","0","0","0","10","0","0","0","0","0","0","0","0x0","0","0","0","0","0","0","0","0","0x0","0x8be3ad1","0x8be3f22","0x8be4332","0x8be44f9","0x8be453a","0x8be457b","0x0"
"0x52 Fallen Prince","0x4d9","0x257","0x52","0x0","0x47","0x1","0xb3","0x0","10","0","0","0","0","0","7","5","60","20","20","20","20","20","20","1","10","0","0","0","0","10","0","0","0","0","0","0","0","0x0","181","0","0","0","0","0","0","0","0x0","0x8be3ad1","0x8be3f22","0x8be4332","0x8be44f9","0x8be453a","0x8be457b","0x0"
"0x53 Prince facing upward","0x4d9","0x257","0x53","0x0","0x48","0x1","0xb3","0x0","10","0","0","0","0","0","7","5","60","20","20","20","20","20","20","1","10","0","0","0","0","10","0","0","0","0","0","0","0","0x0","181","0","0","0","0","0","0","0","0x0","0x8be3ad1","0x8be3f22","0x8be4332","0x8be44f9","0x8be453a","0x8be457b","0x0"
"0x54 Fallen Ninian","0x4d4","0x0","0x54","0x0","0x49","0x1","0xb3","0x0","10","0","0","0","0","0","25","5","60","20","20","20","20","20","20","1","10","0","0","0","0","10","0","0","0","0","0","0","0","0x0","0","0","0","0","0","0","0","0","0x0","0x8be3ad1","0x8be3f22","0x8be4332","0x8be44f9","0x8be453a","0x8be457b","0x0"
"0x55 Fallen Ice Dragon","0x4d0","0x0","0x55","0x0","0x4a","0x0","0xdb","0x0","40","10","10","10","10","10","25","8","80","30","28","28","30","28","25","5","95","40","30","20","0","20","25","0","0","0","0","0","0","0x40000","0","0","0","0","0","0","0","0","0x8c99548","0x8be3c57","0x8be3c57","0x8be3c57","0x8be44f9","0x8be453a","0x8be457b","0x0"
"0x56 Fallen Warrior","0x49d","0x0","0x56","0x0","0x4b","0x0","0xc1","0x0","28","8","5","6","5","0","13","6","60","30","28","26","26","22","20","3","80","45","25","20","16","17","15","0","0","0","0","0","0","0x0","0","0","71","1","0","0","0","0","0x0","0x8be394b","0x8be3d9c","0x8be41ac","0x8be44f9","0x8be453a","0x8be457b","0x0"
"0x57 Child","0x4d4","0x258","0x57","0x0","0x4c","0x1","0xb3","0x0","10","0","0","0","0","0","7","5","60","20","20","20","20","20","20","1","10","0","0","0","0","10","0","0","0","0","0","0","0","0x0","0","0","0","0","0","0","0","0","0x0","0x8be3ad1","0x8be3f22","0x8be4332","0x8be44f9","0x8be453a","0x8be457b","0x0"
"0x58 Child (F)","0x4d5","0x258","0x58","0x0","0x4d","0x0","0xb5","0x0","10","0","0","0","0","0","25","5","60","20","20","20","20","20","20","1","10","0","0","0","0","10","0","0","0","0","0","0","0","0x0","0","0","0","0","0","0","0","0","0x0","0x8be3ad1","0x8be3f22","0x8be4332","0x8be44f9","0x8be453a","0x8be457b","0x0"
"0x59 Transporter w/ Horse","0x4db","0x259","0x59","0x44","0x4e","0x1","0x4a","0x3a","15","0","3","3","3","0","25","5","60","20","20","20","20","20","25","1","10","0","0","0","0","10","0","0","0","0","0","0","0","0x603","0","0","0","0","0","0","0","0","0x8c99554","0x8be3ad1","0x8be3f22","0x8be4332","0x8be44f9","0x8be453a","0x8be457b","0x0"
"0x5A Uber Sage","0x4ad","0x24e","0x5a","0x21","0x1d","0x0","0xc9","0x1b","19","4","6","5","3","6","7","6","60","30","28","26","30","30","20","3","45","45","30","25","10","40","15","3","1","1","0","3","3","0x100","0","0","0","0","1","71","0","0","0x8c9955c","0x8be3a90","0x8be3ee1","0x8be42f1","0x8be44f9","0x8be453a","0x8be457b","0x0"
"0x5B Archer in Ballista","0x0","0x0","0x5b","0x0","0x4f","0x0","0x0","0x0","0","0","0","0","0","0","0","0","0","0","0","0","0","0","0","3","0","0","0","0","0","10","0","0","0","0","0","0","0","0x0","0","0","0","0","0","0","0","0","0x0","0x0","0x0","0x0","0x8be44f9","0x8be453a","0x8be457b","0x0"
"0x5C Archer in Iron Ballista","0x0","0x0","0x5c","0x0","0x50","0x0","0x0","0x0","0","0","0","0","0","0","0","0","0","0","0","0","0","0","0","0","0","0","0","0","0","0","0","0","0","0","0","0","0","0x0","0","0","0","0","0","0","0","0","0x0","0x0","0x0","0x0","0x8be44f9","0x8be453a","0x8be457b","0x0"
"0x5D Archer in Killer Ballista","0x0","0x0","0x5d","0x0","0x51","0x0","0x0","0x0","0","0","0","0","0","0","0","0","0","0","0","0","0","0","0","0","0","0","0","0","0","0","0","0","0","0","0","0","0","0x0","0","0","0","0","0","0","0","0","0x0","0x0","0x0","0x0","0x8be44f9","0x8be453a","0x8be457b","0x0"
"0x5E Empty Ballista","0x0","0x0","0x5e","0x0","0x52","0x0","0x0","0x0","0","0","0","0","0","0","0","0","0","0","0","0","0","0","0","0","0","0","0","0","0","0","0","0","0","0","0","0","0","0x0","0","0","0","0","0","0","0","0","0x0","0x0","0x0","0x0","0x8be44f9","0x8be453a","0x8be457b","0x0"
"0x5F Empty Iron Ballista","0x0","0x0","0x5f","0x0","0x53","0x0","0x0","0x0","0","0","0","0","0","0","0","0","0","0","0","0","0","0","0","0","0","0","0","0","0","0","0","0","0","0","0","0","0","0x0","0","0","0","0","0","0","0","0","0x0","0x0","0x0","0x0","0x8be44f9","0x8be453a","0x8be457b","0x0"
"0x60 Empty Killer Ballista","0x0","0x0","0x60","0x0","0x54","0x0","0x0","0x0","0","0","0","0","0","0","0","0","0","0","0","0","0","0","0","0","0","0","0","0","0","0","0","0","0","0","0","0","0","0x0","0","0","0","0","0","0","0","0","0x0","0x0","0x0","0x0","0x8be44f9","0x8be453a","0x8be457b","0x0"
"0x61 Empty (Make a custom class!)","0x0","0x0","0x61","0x0","0x55","0x0","0x0","0x0","0","0","0","0","0","0","0","0","0","0","0","0","0","0","0","0","0","0","0","0","0","0","0","0","0","0","0","0","0","0x0","0","0","0","0","0","0","0","0","0x0","0x0","0x0","0x0","0x8be44f9","0x8be453a","0x8be457b","0x0"
"0x62 Empty (Make a custom class!)","0x0","0x0","0x62","0x0","0x56","0x0","0x0","0x0","0","0","0","0","0","0","0","0","0","0","0","0","0","0","0","0","0","0","0","0","0","0","0","0","0","0","0","0","0","0x0","0","0","0","0","0","0","0","0","0x0","0x0","0x0","0x0","0x8be44f9","0x8be453a","0x8be457b","0x0"
"0x63 Empty (Make a custom class!)","0x0","0x0","0x63","0x0","0x57","0x0","0x0","0x0","0","0","0","0","0","0","0","0","0","0","0","0","0","0","0","0","0","0","0","0","0","0","0","0","0","0","0","0","0","0x0","0","0","0","0","0","0","0","0","0x0","0x0","0x0","0x0","0x8be44f9","0x8be453a","0x8be457b","0x0"
"0x64","0x0","0x0","0x0","0x0","0x0","0x0","0x0","0x0","0","0","0","0","0","0","0","0","0","0","0","0","0","0","0","0","0","0","0","0","0","0","0","0","0","243","3","121","2","0x10000","1","0","0","0","0","0","0","0","0x0","0x55a0c2e","0xa1100","0x1","0x101","0x27a03f4","0x20000","0x1"
"0x65","0x0","0x0","0x0","0x0","0x0","0x0","0x31e","0x64","2","5","17","16","0","1","1","0","0","1","1","0","0","245","3","123","2","0","0","3","0","1","0","0","0","0","0","0","0","0x0","30","8","75","10","0","17","20","0","0x21f","0x101","0x27c03f6","0x40000","0x1","0x0","0x0","0x8500d14"
"0x66","0x1100","0x4b","0xb5","0x3","0x0","0x0","0x101","0x0","0","247","3","125","2","0","0","5","0","1","0","0","0","0","0","0","0","0","0","0","0","35","9","70","12","0","17","28","0","0x41f","2","1","0","0","248","3","126","2","0x60000","0x1","0x0","0x0","0xe410b19","0x321100","0x547","0x102"
"0x67","0x3f9","0x27f","0x0","0x0","0x7","0x0","0x1","0x0","0","0","0","0","0","0","0","0","0","15","14","60","13","0","17","120","0","181","6","0","0","2","1","0","0","250","3","128","2","0x80000","1","0","0","0","0","0","0","0","0x0","0x6460328","0x1100","0x100071f","0x101","0x28103fb","0x90000","0x40001"
"0x68","0x0","0x0","0x9c","0x7e","0xc9","0x8","0x728","0x5f","5","10","17","150","0","0","8","0","0","2","1","0","0","252","3","130","2","0","0","10","0","17","0","16","0","0","0","0","0","0x8c97e9c","45","8","80","3","20","17","0","0","0x900","0x102","0x28403fe","0xb0000","0x21","0x0","0x0","0xc4b091e"
"0x69","0x1100","0x64","0x79","0xa","0x0","0x0","0x101","0x0","0","255","3","133","2","0","0","12","0","1","16","0","0","0","0","0","0","0","0","0","0","20","8","75","5","35","17","60","0","0xb1f","1","1","0","0","0","4","134","2","0xd0000","0x1","0x0","0x0","0x74b0914","0x41111e","0xc47","0x101"
"0x6a","0x401","0x287","0x0","0x0","0xe","0x0","0x1","0x0","0","0","0","0","0","150","126","201","8","18","8","80","11","0","17","70","0","31","13","0","0","1","1","0","0","2","4","136","2","0xf0000","1","0","0","0","0","0","0","0","0x8c97ec5","0x54b0714","0x961100","0xe47","0x101","0x2890403","0x100000","0x41"
"0x6b","0x0","0x0","0x0","0x0","0x0","0x0","0x919","0x46","9","0","18","50","0","71","15","0","0","1","1","0","0","4","4","138","2","0","0","17","0","65","0","0","0","0","0","0","0","0x0","15","12","65","11","0","18","220","0","0x20010b5","0x101","0x28b0405","0x120000","0x101","0x0","0x0","0x94b090f"
"0x6c","0x1105","0x78","0x47","0x11","0x0","0x0","0x102","0x0","0","6","4","140","2","0","0","19","0","1","0","0","0","0","0","0","0","183","126","201","8","18","6","85","11","0","17","70","0","0x121f","1","1","0","0","8","4","143","2","0x1140000","0x1","0x0","0x0","0x850072d","0x81100","0x1301","0x101"
"0x6d","0x409","0x290","0x0","0x0","0x15","0x1","0x1","0x0","0","0","0","0","0","0","0","0","0","30","4","85","4","5","17","15","0","1","20","0","0","1","1","0","0","10","4","145","2","0x1160000","1","0","0","0","0","0","0","0","0x0","0xd460a1e","0x101100","0x151f","0x102","0x292040b","0x1170000","0x1"
"0x6e","0x0","0x0","0x0","0x0","0x0","0x0","0xe14","0x4b","10","0","17","60","0","181","22","0","0","1","1","0","0","12","4","147","2","0","0","24","1","1","0","0","0","0","0","0","0","0x0","40","4","65","8","0","17","0","0","0x1001701","0x101","0x294040d","0x1190000","0x21","0x0","0x0","0xe460a1e"
"0x6f","0x1100","0xfa","0x79","0x18","0x0","0x0","0x101","0x0","0","14","4","149","2","0","0","26","1","1","0","0","0","0","0","0","0","0","0","0","0","20","10","70","9","30","17","60","0","0x1947","1","1","0","0","15","4","150","2","0x11b0000","0x1","0x0","0x8c97eb7","0xd460710","0x411100","0x1a1f","0x101"
"0x70","0x410","0x297","0x0","0x0","0x1c","0x1","0x1","0x0","0","0","0","0","0","0","0","0","0","20","6","65","11","0","18","20","0","1","27","0","0","1","1","0","0","17","4","152","2","0x11d0000","1","0","0","0","0","0","0","0","0x0","0xa460c0f","0x2581205","0x1c79","0x101","0x2990412","0x11e0000","0x101"
"0x71","0x0","0x0","0x0","0x0","0x0","0x0","0xa0f","0x46","11","5","17","130","0","71","29","0","0","2","1","0","0","22","4","157","2","0","0","31","2","1","0","0","0","0","0","0","0","0x0","45","8","75","10","0","17","6","0","0x1e01","0x101","0x29e0417","0x2200000","0x1","0x0","0x0","0xf410b1e"
"0x72","0x1100","0xc","0x1","0x1f","0x0","0x0","0x102","0x0","0","24","4","159","2","0","0","33","2","1","0","0","0","0","0","0","0","0","0","0","0","20","15","70","12","0","17","50","0","0x20b5","1","1","0","0","25","4","160","2","0x2220000","0x1","0x0","0x0","0xa3c0428","0x1100","0x100211f","0x101"
"0x73","0x41a","0x2a1","0x0","0x0","0x23","0x2","0x21","0x0","0","0","0","0","0","0","0","0","0","30","10","65","16","0","17","75","0","121","34","0","0","1","1","0","0","27","4","162","2","0x2240000","1","0","0","0","0","0","0","0","0x0","0xb410b14","0x32111e","0x2347","0x101","0x2a3041c","0x2250000","0x1"
"0x74","0x0","0x0","0xb7","0x7e","0xc9","0x8","0xa12","0x3c","15","0","17","45","0","31","36","0","0","1","1","0","0","29","4","164","2","0","0","38","2","1","0","0","0","0","0","0","0","0x8c97e96","20","10","55","15","0","17","40","0","0x251f","0x102","0x2a5041e","0x2270000","0x1","0x0","0x0","0x12641214"
"0x75","0x1100","0x2d","0x1","0x26","0x0","0x4","0x108","0x0","0","31","4","166","2","0","0","40","2","1","0","0","0","0","0","0","0","0","0","0","0","20","7","60","12","0","18","15","0","0x2701","1","1","0","0","32","4","167","2","0x2290000","0x1","0x0","0x0","0xe410d0f","0xc81200","0x28b5","0x101"
"0x76","0x421","0x2a8","0x0","0x0","0x2a","0x2","0x101","0x0","0","0","0","0","0","0","0","0","0","15","11","65","13","5","17","140","0","71","41","0","0","2","1","0","0","34","4","169","2","0x22b0000","1","1","0","0","0","0","0","0","0x8c97ead","0xd500b14","0x641105","0x2a47","0x101","0x2ad0425","0x32c0000","0x1"
"0x77","0x0","0x0","0xd2","0x7e","0xc9","0x8","0x62d","0x55","5","0","34","12","0","1","43","0","0","1","1","0","0","38","4","174","2","0","0","45","3","1","0","0","0","0","0","0","0","0x8c97ed2","30","9","70","9","0","34","24","0","0x2c1f","0x101","0x2af0427","0x32e0000","0x1","0x0","0x8c97ed2","0x64b0d14"
"0x78","0x2200","0x50","0xb5","0x2d","0x0","0x0","0x101","0x0","0","40","4","176","2","0","0","47","3","1","0","0","0","0","0","0","0","210","126","201","8","40","4","65","5","0","34","0","0","0x1002e1f","1","1","0","0","41","4","177","2","0x3300000","0x1","0x0","0x8c97ed2","0x74b0914","0x46221e","0x2f47","0x101"
"0x79","0x42a","0x2b2","0x0","0x0","0x31","0x3","0x21","0x0","0","0","0","0","0","210","126","201","8","30","10","70","12","0","34","250","0","121","48","0","0","1","1","0","0","43","4","179","2","0x3320000","1","0","0","0","0","0","0","0","0x8c97ed2","0x3550516","0x50220a","0x311f","0x102","0x2b4042c","0x3330000","0x1"
"0x7a","0x0","0x0","0xd2","0x7e","0xc9","0x8","0x514","0x41","10","0","35","100","0","31","50","0","0","1","1","0","0","46","4","182","2","0","0","52","3","129","0","0","0","0","0","0","0","0x8c97ed2","5","8","70","20","0","58","0","0","0x3301","0x104","0x2b7042f","0x3350000","0x81","0x0","0x8c97ed2","0x143c0d05"
"0x7b","0x3f00","0x0","0x1","0x34","0x0","0x0","0x104","0x0","0","48","4","184","2","0","0","54","3","129","0","0","0","0","0","0","0","210","126","201","8","5","12","65","20","10","58","0","0","0x3501","4","1","0","0","49","4","185","2","0x5370000","0x3","0x0","0x0","0x45a0528","0xe1200","0x3601","0x101"
"0x7c","0x432","0x2ba","0x0","0x0","0x38","0x5","0x3","0x0","0","0","0","0","0","0","0","0","0","35","8","80","6","5","18","20","0","31","55","0","0","1","1","0","0","51","4","187","2","0x5390000","3","0","0","0","0","0","0","0","0x0","0xa550a1e","0x281200","0x3847","0x102","0x2bc0434","0x53a0000","0x83"
"0x7d","0x0","0x0","0x0","0x0","0x0","0x0","0xc05","0x3c","20","0","58","244","1","121","57","0","0","1","1","0","0","53","4","189","2","0","0","59","5","3","0","0","0","0","0","0","0","0x0","20","13","80","12","0","18","44","1","0x3ab5","0x101","0x2be0436","0x53c0000","0x200013","0x8c98f98","0x8c97ec5","0xb550e14"
"0x7e","0x1205","0x0","0x0","0x3b","0x0","0x0","0x101","0x0","0","55","4","191","2","0","0","61","5","3","0","0","0","0","0","0","0","0","0","0","0","25","18","90","13","10","18","232","3","0x3cfb","3","1","0","0","56","4","192","2","0x63e0000","0x3","0x0","0x0","0x65f0423","0x121205","0x3d01","0x101"
"0x7f","0x439","0x2c1","0x0","0x0","0x3f","0x6","0x3","0x0","0","0","0","0","0","0","0","0","0","30","6","90","8","8","18","30","0","31","62","0","0","2","1","0","0","58","4","194","2","0x6400000","3","0","0","0","0","0","0","0","0x0","0xc550819","0x64120a","0x3f47","0x101","0x2c3043b","0x6410000","0x83"
